prompt_id,prompt,llm_overall,llm_text,llm_image,llm_audio,reasoning
1,An elegant owl librarian wearing reading glasses.,7.0,9.0,8.0,4.0,"The text and image are well-crafted and relevant to the prompt, but the audio output is severely truncated, lowering the overall score."
2,"A red fox sitting at a pottery wheel, shaping a clay vase with its paws.",8.0,9.0,9.0,6.0,"The text and image are exceptionally well-crafted and directly address the prompt, but the audio transcript cuts off prematurely in the middle of a sentence."
3,"A majestic eagle wearing a pilot's headset, flying a vintage biplane through the",8.0,9.0,9.0,5.0,"The text and image are creative, high-quality, and directly match the prompt, but the audio output cuts off abruptly after only a few words."
4,"A squirrel wearing a business suit, aggressively speaking into a tiny gold smart",7.0,8.0,8.0,5.0,"The text and image capture the prompt well, but the audio cuts off abruptly after just one sentence."
5,"An astronaut riding a bicycle on a ring of Saturn, delivering a cardboard pizza ",8.0,8.0,9.0,7.0,"The image and text capture the prompt elements wonderfully, but the text cuts off abruptly at the end and the audio transcript is similarly truncated."
6,A fluffy kitten wearing heavy metal spiked armor.,8.0,8.0,10.0,5.0,"The image is exceptionally good and perfectly matches the prompt, the text is detailed and relevant, but the audio cuts off prematurely."
7,A cat wearing headphones DJing at a packed nightclub.,6.0,8.0,9.0,3.0,"The image and text are well-executed and directly match the prompt, but the audio output cuts off prematurely after only a few words."
8,A golden retriever in a tuxedo swimming.,6.0,7.0,8.0,3.0,"The image and text successfully capture the prompt, but the text cuts off abruptly and the audio narration is heavily truncated."
9,A hamster lifting a tiny barbell in a gym.,7.0,8.0,9.0,4.0,"The image and text are excellent and accurately capture the prompt, but the audio transcript is severely cut short."
10,A squirrel wearing a cowboy hat riding a skateboard.,8.0,9.0,10.0,5.0,"The image and text are excellent and perfectly capture the prompt, but the audio cut off very early and mispronounced a word."
11,A penguin wearing a grass skirt doing the hula dance.,8.0,9.0,10.0,6.0,"The image and text are excellent and accurately capture the prompt, but the audio output cuts off prematurely."
12,A pug wearing sunglasses sunbathing on a pool float.,7.0,9.0,9.0,4.0,"The text and image are excellent and accurately capture the prompt, but the audio output cuts off prematurely, lowering the overall score."
14,A frog playing a miniature electric guitar on a lilypad.,8.0,8.0,10.0,6.0,"The image and text are excellent and accurately capture the prompt, but the audio output cuts off abruptly and only narrates a small fraction of the text."
15,A fancy owl drinking a cup of hot coffee.,6.0,7.0,8.0,4.0,"The image is creative and well-rendered with a tiny hat, and the text describes the scene well, but the audio cuts off abruptly and prematurely."
16,A baby monkey wearing a diaper and riding a tricycle.,8.0,8.0,9.0,7.0,"The image and text capture the prompt exceptionally well, while the audio transcript cuts off prematurely and the generated text cuts off at the end."
18,Darth Vader aggressively vacuuming a living room rug.,8.0,8.0,9.0,6.0,"The image and text capture the prompt with high quality and humor, though the text cuts off abruptly and the audio transcript is very short."
19,Batman crying while chopping a massive onion.,7.0,8.0,9.0,4.0,"The image and text are creative and closely follow the prompt, but the audio output cuts off prematurely and is incomplete."
20,Shrek doing a delicate ballet dance on a stage.,7.0,8.0,9.0,4.0,"The image and text are creative and closely match the prompt, but the audio output cuts off prematurely and has noticeable errors."
21,An astronaut playing the bagpipes on the moon.,7.0,9.0,9.0,4.0,"The text and image are excellent and perfectly capture the prompt, but the audio output cuts off prematurely after only a few words."
22,A medieval knight trying to use a modern smartphone.,7.0,8.0,9.0,4.0,"The image and text are well-executed and fit the prompt nicely, but the audio generation cuts off abruptly after only a few words."
23,A scary T-Rex wearing a pink frilly apron baking cookies.,6.0,8.0,6.0,5.0,"The text and image capture the prompt well despite minor weirdness like a two-headed dinosaur in the image, but the audio output cuts off prematurely and incompletely."
24,Superman getting a painful leg wax at a salon.,7.0,8.0,8.0,6.0,"The text and image capture the prompt creatively and humorously, but the audio output cuts off prematurely after only one sentence."
25,Iron Man attempting to knit a colorful winter scarf.,6.0,7.0,8.0,3.0,"The image and text successfully capture Iron Man knitting a colorful scarf, but the generated text cuts off abruptly and the audio transcript is severely truncated."
26,A mummy covered in bandages getting stuck in a revolving door.,6.0,8.0,7.0,4.0,"The text and image capture the prompt well, though the text cuts off mid-sentence and the audio transcript is very short and cuts off abruptly."
27,A slice of pepperoni pizza skateboarding down a handrail.,6.0,9.0,9.0,2.0,"The text and image are creative, high-quality, and directly address the prompt, but the audio generation was cut off prematurely and failed to narrate the full text."
28,A giant angry taco lifting weights in a gym.,7.0,8.0,9.0,5.0,"The image and text are creative and closely match the prompt, but the audio output cuts off prematurely."
29,An avocado playing a tiny set of drums.,7.0,8.0,7.0,6.0,"The text and image successfully capture the prompt with good detail, though the image's subject looks more like a pear-avocado hybrid and the audio cuts off prematurely."
30,A banana slipping and falling on a human banana peel.,5.0,7.0,5.0,4.0,"The text humorously interprets the surreal prompt, but the image awkwardly merges a banana with a peel and fabric instead of showing a distinct banana slipping on a human skin peel, and the audio cuts off abruptly."
31,A marshmallow lifting weights over a campfire.,6.0,8.0,9.0,3.0,"The image and text successfully capture the creative prompt, but the audio output is severely truncated, lowering the overall score."
32,A sad hotdog sitting alone at a fancy restaurant table.,8.0,9.0,9.0,5.0,"The text and image brilliantly capture the prompt with high quality and rich atmosphere, but the audio output cuts off abruptly after only a few seconds."
33,A box of french fries taking a selfie together.,8.0,9.0,8.0,7.0,"The text, image, and audio all creatively interpret the prompt with good quality, though the audio cuts off slightly early and the image shows two boxes instead of one taking a selfie."
34,A sentient alarm clock screaming and running away.,7.0,8.0,8.0,4.0,"The text and image capture the prompt creatively, but the audio output cuts off prematurely and is incomplete."
35,A walking toaster throwing slices of burnt toast like boomerangs.,6.0,7.0,8.0,3.0,"The image and text successfully capture the quirky prompt with good detail, but the audio output cuts off prematurely after only a few words."
36,A group of broccoli pieces having a loud rock concert.,8.0,9.0,9.0,6.0,"The text and image are creative, high-quality, and directly follow the prompt, but the audio output cuts off abruptly after only a single sentence."
37,A business suit made entirely out of bubble wrap popping.,6.0,8.0,7.0,3.0,"The text and image successfully depict a business suit made of bubble wrap, but the audio cuts off prematurely and the dynamic action of 'popping' is missing from the static image."
38,A toilet paper roll escaping down a busy city street.,7.0,8.0,9.0,5.0,"The image and text capture the prompt creatively and with high quality, but the audio output cuts off prematurely and has noticeable quality issues."
39,A giant rubber ducky driving a red convertible car.,7.0,9.0,8.0,5.0,"The text and image are creative and accurately follow the prompt, but the audio gets cut off prematurely."
40,A cloud in the sky blowing bubble gum.,4.0,8.0,3.0,4.0,"While the text is imaginative and well-written, the image completely misses the key prompt element of the cloud blowing bubble gum, and the audio is cut off early."
41,A couch sitting on a human living room floor.,8.0,9.0,8.0,7.0,"All modalities successfully depict or describe a couch on a living room floor as requested, with the text cutting off slightly early in the audio transcript and the image containing some characteristic AI artifacts (like weird picture frames), but overall high quality."
42,A professional office meeting run entirely by plush teddy bears.,8.0,8.0,9.0,7.0,"The image and text capture the prompt creatively and accurately, though the audio transcript cuts off abruptly before finishing the paragraph."
43,A lawnmower cutting a lawn made entirely of green spaghetti.,8.0,8.0,9.0,7.0,"The image brilliantly depicts the prompt with a lawnmower cutting green spaghetti, while the text provides a creative description and the audio is clear despite being slightly cut off."
44,A grandfather clock walking on two robotic legs.,7.0,8.0,9.0,4.0,"The image and text are well-executed and accurately follow the prompt, but the audio gets cut off prematurely before finishing the text."
45,A computer monitor wearing reading glasses and looking confused.,4.0,8.0,3.0,8.0,"The text and audio accurately describe the prompt, but the image incorrectly shows a human man peeking from behind a monitor instead of the monitor itself wearing glasses."
46,A baby rattle shaking itself to heavy metal music.,5.0,8.0,6.0,3.0,"The text and image capture parts of the prompt reasonably well, but the audio cuts off extremely early and the image features a baby holding what looks like a tiny barbell rather than a rattle shaking itself."
47,Cat riding a vacuum cleaner.,7.0,8.0,10.0,4.0,"The image and text are excellent and accurately capture the prompt, but the audio gets cut off abruptly after just one sentence."
48,Banana playing the saxophone.,6.0,7.0,8.0,4.0,"The image is creative and well-rendered, the text is engaging though abruptly cut off, and the audio transcript cuts off very early in the sentence."
49,Dinosaur on a pogo stick.,7.0,8.0,9.0,5.0,"The image and text successfully capture the prompt with great detail, but the audio output cuts off prematurely."
50,Robot eating a bowl of cereal.,6.0,8.0,8.0,3.0,"The image and text are well-executed and relevant, but the audio output cuts off abruptly after just a few words."
51,Pig flying a helicopter.,7.0,9.0,8.0,4.0,"The text and image are creative and well-executed based on the prompt, but the audio transcript cuts off prematurely after only one sentence."
52,Shark wearing a party hat.,6.0,7.0,9.0,3.0,"The image is excellent and directly addresses the prompt, but the text cuts off mid-sentence and the audio transcript is severely truncated."
53,Chicken lifting heavy weights.,6.0,7.0,7.0,5.0,"The text and image capture the prompt well, though the text cuts off abruptly and the audio narration is very short."
54,Potato singing opera on stage.,7.0,8.0,9.0,4.0,"The image and text are creative and closely follow the prompt, but the audio transcript is severely cut short mid-sentence."
55,Alien doing the chicken dance.,6.0,8.0,8.0,3.0,"The text and image creatively capture the prompt, but the audio output cuts off abruptly after only a few words."
