prompt_id,prompt,q_text,q_image,q_audio,q_combined,judge_mean,judge_grade,text_score,image_score,lr_pred,nb_p_good,nb_p_good_loo,lr_gr,lr_gr_loo
1,A fox exploring a cave in a snowy village,0.839816,0.472127287863875,0.862416035808875,0.7647,4.25,0.8125,4.0,4.5,3.7338,0.3087,0.305,0.6291,0.6458
2,A flamingo blacksmith exploring a cave,0.836263,0.436093930382,0.8819092736755,0.756,3.0,0.5,4.0,2.0,3.6441,0.2738,0.2756,0.5737,0.5987
3,A mantis sailing a paper boat on a wooden bridge,0.841654,0.449645108671875,0.8611945812955,0.7613,3.0,0.5,3.0,3.0,3.7009,0.265,0.2665,0.5578,0.5833
4,"A panda brewing coffee at dawn in a neon nightclub, photorealistic",0.830942,0.499144255662,0.8538280439979999,0.7634,4.25,0.8125,5.0,3.5,3.7157,0.3006,0.2925,0.6085,0.6199
5,A chameleon archer brewing coffee at dawn,0.844609,0.506517395344875,0.8686621640995,0.7758,3.75,0.6875,4.0,3.5,3.8574,0.4746,0.4809,0.8504,0.8641
6,A mantis carpenter chasing fireflies,0.825673,0.4354886583875,0.841404361769875,0.7454,3.25,0.5625,3.5,3.0,3.528,0.1079,0.111,0.2203,0.2729
7,A cheerful butterfly professor with a paper lantern,0.82542,0.47824559735550004,0.8738730339795,0.7565,3.5,0.625,4.0,3.0,3.6464,0.2682,0.2705,0.5808,0.6065
8,"A hippo skateboarding down a hill, in warm golden light",0.84751,0.472967199023875,0.8831311044198751,0.7719,4.0,0.75,4.5,3.5,3.8132,0.4185,0.4142,0.7844,0.7917
9,"A toucan reading under an umbrella, in a dreamy haze",0.838554,0.442526029678,0.8500471954638751,0.7568,3.75,0.6875,2.5,5.0,3.6476,0.1954,0.1974,0.433,0.4672
10,A sloth solving a crossword at a mountain lake at sunrise,0.836536,0.511506827192,0.873699560718,0.7714,4.0,0.75,3.5,4.5,3.8062,0.462,0.4506,0.8362,0.8322
11,A lamb and a ant dancing in the rain,0.826722,0.47813554881487497,0.8480405231848751,0.7555,3.5,0.625,4.0,3.0,3.6361,0.1967,0.1995,0.4311,0.467
12,A kangaroo dj at a mountain lake at sunrise,0.832503,0.512613935546875,0.864534303746875,0.7681,4.5,0.875,4.5,4.5,3.7637,0.406,0.3937,0.7588,0.7578
13,"A llama reading tarot cards in a sunflower field, in a cozy hand-drawn",0.855959,0.474207091838,0.8957225289520001,0.7792,3.5,0.625,3.5,3.5,3.8975,0.4899,0.4995,0.8678,0.8841
14,A firefly and a goose building a birdhouse,0.824757,0.44729738104800004,0.894117696073875,0.751,3.25,0.5625,3.5,3.0,3.591,0.2473,0.2513,0.5258,0.5574
15,A otter rowing across a misty lake under a starry sky,0.840308,0.492078033671875,0.8701643558195,0.7698,4.0,0.75,4.0,4.0,3.7899,0.3971,0.3926,0.7583,0.7669
16,A tiny llama holding a wooden music box in a cherry blossom park,0.853549,0.44165895044887504,0.888292080546875,0.7701,3.75,0.6875,4.0,3.5,3.7947,0.3824,0.3875,0.7305,0.75
17,A wolf sipping tea in a garden in an autumn park,0.840809,0.4836418589555,0.879656072398,0.7691,3.75,0.6875,4.0,3.5,3.7831,0.4005,0.4024,0.7669,0.7804
18,A cat and a bat meditating under a waterfall,0.842015,0.476092017971875,0.882892102392,0.7686,3.5,0.625,4.5,2.5,3.7788,0.3946,0.3965,0.7566,0.7706
19,A seahorse botanist ice skating at night,0.826807,0.443979875518,0.878310819121875,0.7506,3.25,0.5625,4.0,2.5,3.5841,0.2245,0.2264,0.4942,0.5244
20,A ant gardening on a balcony on a quiet beach at dusk,0.827927,0.40255510083199997,0.874171499908875,0.7425,4.0,0.75,4.5,3.5,3.4844,0.1742,0.1516,0.3927,0.3789
21,A cat perfumer solving a crossword,0.821497,0.47923055942200005,0.842480335498875,0.7516,3.25,0.5625,3.0,3.5,3.5965,0.1504,0.1554,0.3323,0.3803
22,A tiny ladybug holding a wooden music box on a train platform,0.854073,0.40029211444887497,0.8806601802195001,0.7613,4.0,0.75,4.5,3.5,3.6918,0.2947,0.256,0.6182,0.5829
23,A raccoon and a peacock painting a mural,0.832437,0.463107972788875,0.871709414814875,0.7582,3.25,0.5625,4.0,2.5,3.6654,0.2718,0.2732,0.5827,0.6068
24,A lion and a seahorse repairing a pocket watch,0.841213,0.458584715173875,0.850736286796875,0.7621,3.5,0.625,4.0,3.0,3.7081,0.2379,0.24,0.5103,0.5397
25,A dragonfly coach building a birdhouse,0.838129,0.445436433834875,0.844145614302,0.7566,3.5,0.625,4.0,3.0,3.6488,0.173,0.1759,0.3893,0.4284
26,A toucan and a pufferfish planting a bonsai tree,0.842935,0.456241323249875,0.872795182753875,0.7644,3.75,0.6875,4.5,3.0,3.7319,0.3209,0.3225,0.6519,0.6718
27,A cheerful narwhal fisherman with a tiny umbrella,0.844799,0.444715293769875,0.8850208655920001,0.7642,3.75,0.6875,3.5,4.0,3.7297,0.3415,0.3436,0.675,0.6941
28,A ladybug dj dancing in the rain,0.829717,0.479712245022,0.8799284861688751,0.7603,3.75,0.6875,4.0,3.5,3.6865,0.3161,0.3179,0.6545,0.6747
29,"A moth planting a bonsai tree in a candlelit cafe, photorealistic",0.837127,0.5233834505995,0.862450525924875,0.7735,3.75,0.6875,4.5,3.0,3.8323,0.4741,0.4919,0.8437,0.8711
30,"A iguana tending a beehive, in soft pastel colors",0.847538,0.464267971118,0.8951570443098751,0.771,4.0,0.75,4.0,4.0,3.8025,0.4222,0.4144,0.7799,0.7833
31,A lemur tailor in a lantern-lit alley,0.831761,0.524640396542,0.8402973749195,0.7683,3.75,0.6875,4.0,3.5,3.7751,0.3091,0.3307,0.6331,0.6808
32,"A hippo sketching in a cafe, in soft pastel colors",0.838866,0.43996413368799997,0.886084380721875,0.759,3.5,0.625,4.0,3.0,3.6741,0.3036,0.3055,0.6189,0.6414
33,"A wolf sketching in a cafe in an autumn park, in gentle morning light",0.842844,0.5170983676218749,0.8982154989874999,0.7788,3.5,0.625,3.5,3.5,3.8973,0.5832,0.599,0.9828,1.0
34,A tiny beetle holding a paper lantern on a train platform,0.851581,0.45276178754999996,0.894496076718,0.7714,4.75,0.9375,4.5,5.0,3.8012,0.41,0.401,0.7653,0.768
35,A newt reading under an umbrella in a snowy village,0.836136,0.49239885027987496,0.8614094914880001,0.7662,3.5,0.625,4.0,3.0,3.7533,0.343,0.3456,0.6762,0.6959
36,A lemur and a hamster forging a silver key,0.840483,0.519782398558,0.840215847074875,0.7736,3.0,0.5,3.0,3.0,3.85,0.3421,0.3604,0.6814,0.7207
37,"A kangaroo reading a giant book, in warm golden light",0.848338,0.45775837134387504,0.8960473267468749,0.7703,4.5,0.875,4.5,4.5,3.7907,0.4098,0.4013,0.7637,0.7671
38,"A chameleon flying a kite in a storm, in warm golden light",0.844606,0.4393824552138749,0.8731739776995,0.7621,3.75,0.6875,4.5,3.0,3.7067,0.2993,0.301,0.6141,0.6365
39,A axolotl potter reading under an umbrella,0.810928,0.4867648371875001,0.8301219958080001,0.7447,3.25,0.5625,3.0,3.5,3.5238,0.0774,0.0922,0.1153,0.2202
40,"A mantis watering a rooftop garden, in gentle morning light",0.852523,0.43906210022487496,0.8674747730754999,0.7673,4.25,0.8125,4.0,4.5,3.7588,0.3144,0.3076,0.6362,0.6481
41,A bumblebee knight beside a waterfall,0.838779,0.440800045112,0.872432584222,0.7582,4.25,0.8125,4.0,4.5,3.6617,0.2703,0.2664,0.57,0.5894
42,A lemur potter on a cliff overlooking the sea,0.852762,0.460441810438875,0.8553404874955,0.7711,3.75,0.6875,4.5,3.0,3.8059,0.3106,0.3144,0.6288,0.6532
43,A tiny turtle holding a steaming teacup under a starry sky,0.844622,0.427376542272,0.8885914148538749,0.7607,4.5,0.875,5.0,4.0,3.6851,0.3155,0.3071,0.6362,0.646
44,A llama flying a hot air balloon beside a waterfall,0.830771,0.4736745518755,0.842594507448,0.7571,3.25,0.5625,4.0,2.5,3.6562,0.1832,0.1867,0.4071,0.4462
45,A newt watering a rooftop garden in an enchanted forest,0.830322,0.4332712744595,0.872617074413875,0.7505,3.5,0.625,4.5,2.5,3.5807,0.2165,0.2182,0.4751,0.5062
46,"A dolphin reading tarot cards, in a whimsical cartoon style",0.843858,0.45922436097549996,0.8666024818468749,0.7652,3.75,0.6875,4.5,3.0,3.7411,0.3134,0.315,0.6374,0.6583
47,A tiny salamander holding a pocket watch on a rooftop at night,0.84766,0.457402116168875,0.863666089029875,0.7674,3.75,0.6875,4.0,3.5,3.7647,0.318,0.3199,0.641,0.662
48,A mantis meteorologist flying a hot air balloon,0.841626,0.4604078799875,0.882488482798,0.765,3.5,0.625,4.0,3.0,3.7394,0.3503,0.352,0.6942,0.7118
49,A chinchilla shepherd rowing across a misty lake,0.844724,0.48332103155,0.880212436928,0.7719,3.75,0.6875,4.5,3.0,3.8138,0.4256,0.4277,0.7968,0.8087
50,A elephant and a gecko folding origami cranes,0.838902,0.42696547448799993,0.891998577421875,0.7568,3.5,0.625,4.5,2.5,3.6498,0.2912,0.2949,0.5987,0.6248
51,A snail chasing fireflies in a neon nightclub,0.833726,0.46109823595,0.8710290256048749,0.7587,3.75,0.6875,4.0,3.5,3.6689,0.2736,0.275,0.5842,0.6081
52,A frog and a butterfly reading tarot cards,0.825112,0.446550685728,0.8492197330594999,0.7479,3.25,0.5625,4.0,2.5,3.5539,0.143,0.1453,0.3127,0.3558
53,A butterfly baker reading a giant book,0.827966,0.4119591813875,0.8729041391819999,0.7444,3.75,0.6875,5.0,2.5,3.5103,0.1811,0.1857,0.4045,0.4458
54,A hummingbird planting tulips under a starry sky,0.846403,0.498411913168875,0.8784459293754999,0.7761,3.75,0.6875,4.5,3.0,3.8605,0.4852,0.4893,0.8685,0.8784
55,A panda skateboarding down a hill in a neon nightclub,0.847294,0.44845944875,0.8681491453468749,0.7656,4.5,0.875,4.5,4.5,3.7407,0.313,0.3091,0.6347,0.6508
56,A crab mountaineer tending a beehive,0.820896,0.438108762899875,0.8716528256595,0.7447,3.25,0.5625,3.5,3.0,3.5196,0.172,0.1757,0.3853,0.4263
57,A mantis blacksmith flying a hot air balloon,0.836368,0.4531320853395,0.861321332448,0.7582,3.75,0.6875,4.0,3.5,3.6639,0.246,0.2474,0.5267,0.554
58,A cheerful snail ranger with a small telescope,0.832373,0.44101962975200004,0.871997171596875,0.7536,4.0,0.75,4.0,4.0,3.6118,0.2359,0.232,0.5128,0.535
59,A hippo and a zebra blowing glass ornaments,0.838051,0.420636661088,0.876985980573875,0.7538,3.25,0.5625,4.0,2.5,3.6184,0.2494,0.2525,0.5326,0.5623
60,A badger detective in a misty valley,0.833177,0.49816607398749996,0.868913144952,0.7658,4.5,0.875,4.0,5.0,3.7423,0.3688,0.3631,0.7189,0.7282
61,A beaver and a snail knitting a scarf,0.836529,0.457749106996875,0.864684189182,0.7595,3.25,0.5625,4.0,2.5,3.6797,0.2658,0.2672,0.5636,0.5887
62,A newt jeweler playing a tiny violin,0.836933,0.39638180695799996,0.864689235349875,0.747,3.75,0.6875,4.5,3.0,3.5385,0.1831,0.1941,0.418,0.4709
63,"A duck sipping tea in a garden in an autumn park, photorealistic",0.829883,0.47841923994887503,0.864446014578875,0.759,3.75,0.6875,4.5,3.0,3.6729,0.2728,0.2745,0.578,0.6027
64,A elephant reading tarot cards at a mountain lake at sunrise,0.834728,0.4773004987499999,0.8865699964195,0.7639,3.5,0.625,3.5,3.5,3.7276,0.3626,0.3647,0.7121,0.7291
65,A mantis teacher in a cozy library,0.832597,0.457916212371875,0.8512994051755001,0.7558,3.75,0.6875,3.5,4.0,3.637,0.2003,0.2021,0.4393,0.4727
66,A turtle riding a unicycle on a rooftop at night,0.840537,0.440560184832,0.876860580324875,0.7597,3.75,0.6875,4.5,3.0,3.6802,0.2911,0.2927,0.6027,0.6257
67,A cheerful whale clockmaker with a slice of cake,0.831414,0.486504056096875,0.8613799503995,0.7616,3.75,0.6875,3.5,4.0,3.7011,0.2952,0.2972,0.6077,0.6309
68,A dog weaver in a cozy library,0.81965,0.47470325711950007,0.858781112333875,0.7505,3.25,0.5625,3.0,3.5,3.5836,0.1896,0.1944,0.42,0.4605
69,"A jellyfish blowing glass ornaments in a sunflower field, with bold vi",0.831818,0.470003494729875,0.860186063662,0.7584,3.5,0.625,4.0,3.0,3.6666,0.2519,0.2534,0.5377,0.5645
70,A cheerful axolotl beekeeper with a knitted scarf,0.833656,0.461334151083875,0.853830741198,0.7574,3.75,0.6875,4.5,3.0,3.6553,0.2215,0.2232,0.4796,0.5103
71,A raccoon acrobat exploring a cave,0.838425,0.4814917528595,0.850652918671875,0.7648,3.25,0.5625,3.5,3.0,3.7402,0.2772,0.2797,0.5735,0.5994
72,A alpaca detective on a rainy street,0.822656,0.463710990693875,0.847597268099875,0.7496,4.25,0.8125,4.5,4.0,3.563,0.1504,0.1384,0.3298,0.3404
73,A cheerful chameleon judge with a basket of apples,0.827441,0.4867278964848751,0.871999808248,0.7595,3.75,0.6875,4.0,3.5,3.6783,0.2999,0.3022,0.6281,0.6507
74,"A raccoon racing a paper airplane, in soft pastel colors",0.852452,0.434927608721875,0.8566233991179999,0.7657,3.0,0.5,3.5,2.5,3.7577,0.2624,0.266,0.5578,0.5864
75,"A penguin sketching in a cafe, in soft pastel colors",0.836562,0.4539483201795,0.885389213738875,0.7602,3.5,0.625,4.5,2.5,3.6872,0.3146,0.3164,0.6403,0.6612
76,A lion violinist conducting an orchestra,0.822194,0.46760862684687504,0.8683993267468749,0.7515,3.25,0.5625,4.0,2.5,3.5944,0.2136,0.2168,0.4786,0.5125
77,A moth archer painting a mural,0.829729,0.42044309315199996,0.8665456112620001,0.747,3.5,0.625,4.5,2.5,3.5419,0.1832,0.1858,0.4075,0.4449
78,A giraffe rowing across a misty lake on a wooden bridge,0.856508,0.479779103534875,0.890408296899875,0.7803,2.5,0.375,2.5,2.5,3.9212,0.5016,0.5081,0.8835,0.8979
79,A jellyfish and a robin rowing across a misty lake,0.838713,0.44280726549887495,0.873434841089875,0.7586,3.75,0.6875,4.5,3.0,3.6683,0.2759,0.2774,0.5799,0.6041
80,A turtle and a jellyfish planting a bonsai tree,0.84856,0.465494893982,0.8848305291195,0.7712,3.5,0.625,4.0,3.0,3.8081,0.4083,0.4108,0.7685,0.7826
81,"A ferret blowing glass ornaments, in a dreamy haze",0.842044,0.46197865526199994,0.8654199247355,0.7644,3.5,0.625,4.0,3.0,3.7329,0.3063,0.3078,0.6269,0.6483
82,A squirrel blowing glass ornaments in a lavender meadow,0.827302,0.46857094826887496,0.87296287795,0.7557,3.5,0.625,4.0,3.0,3.638,0.2554,0.2572,0.5587,0.5848
83,A koala mixing a bubbling potion in a bustling market,0.855421,0.500401551523875,0.8994780400619999,0.7845,4.5,0.875,5.0,4.0,3.9426,0.5791,0.559,0.9815,0.9583
84,A tiny platypus holding a bowl of ramen on a cliff overlooking the sea,0.84967,0.47512145806200007,0.865741926858875,0.7727,3.5,0.625,4.0,3.0,3.8246,0.3806,0.3832,0.7305,0.7468
85,A snail writing a letter in a sunflower field,0.841712,0.40626035545387496,0.8593882563995,0.7521,3.75,0.6875,4.0,3.5,3.5956,0.1946,0.2011,0.4401,0.4824
86,"A elephant mixing a bubbling potion, in warm golden light",0.842565,0.45981369388750004,0.898043079168,0.7667,4.0,0.75,4.0,4.0,3.7548,0.3874,0.3778,0.7326,0.7363
87,A beetle sailor in a cluttered workshop,0.827928,0.473041295398875,0.87568021195,0.7573,3.25,0.5625,4.0,2.5,3.6571,0.2758,0.2775,0.5938,0.6178
88,A walrus dancing in the rain at a mountain lake at sunrise,0.841971,0.5017264545968749,0.8954496308398749,0.7748,4.5,0.875,4.5,4.5,3.8371,0.5155,0.5049,0.8964,0.8899
89,A beetle juggling glowing orbs in a snowy village,0.839808,0.521342335718875,0.876544789794875,0.776,4.0,0.75,4.5,3.5,3.8567,0.5369,0.5162,0.9265,0.9061
90,A tiny ant holding a bouquet of wildflowers in a greenhouse,0.855671,0.38384716219549997,0.8940296500848751,0.76,3.75,0.6875,4.5,3.0,3.6816,0.2976,0.334,0.6388,0.7073
91,A robin and a jellyfish racing a paper airplane,0.844906,0.469311624622,0.883138356599875,0.7693,2.25,0.3125,2.0,2.5,3.7909,0.3935,0.3973,0.7526,0.7669
92,A cheerful octopus barber with a steaming teacup,0.840415,0.449121741096875,0.852835974296875,0.7597,4.0,0.75,4.5,3.5,3.678,0.2258,0.2205,0.4892,0.5101
93,A hippo sipping tea in a garden on a rainy street,0.834352,0.471460263552,0.8537812808874999,0.76,4.25,0.8125,4.5,4.0,3.6815,0.2459,0.2407,0.5224,0.5422
94,A pony beekeeper in an enchanted forest,0.828927,0.43450488203950005,0.874252688634875,0.7499,3.5,0.625,4.5,2.5,3.5738,0.2146,0.2164,0.4722,0.5036
95,A tiny cat holding a bunch of balloons in a coral reef,0.840169,0.4711558955499999,0.861539344589875,0.7647,4.75,0.9375,4.5,5.0,3.7319,0.3052,0.3015,0.6228,0.6397
96,"A ladybug reading a giant book at a mountain lake at sunrise, in soft ",0.843622,0.4823532879875,0.881444073263875,0.771,4.25,0.8125,4.0,4.5,3.8016,0.4195,0.4154,0.7891,0.7966
97,"A mantis painting a mural, in a dreamy haze",0.836812,0.42782932049549993,0.882956483779875,0.7548,3.5,0.625,4.5,2.5,3.6278,0.2666,0.269,0.5605,0.5872
98,"A rhino playing a tiny violin, watercolor style",0.846751,0.45374513580000003,0.8712309347980001,0.7665,3.75,0.6875,4.0,3.5,3.755,0.331,0.3328,0.6634,0.683
99,A tiny mole holding a steaming teacup on a cliff overlooking the sea,0.84708,0.480848299582,0.827621824463875,0.7693,3.75,0.6875,3.5,4.0,3.7864,0.1775,0.1919,0.4192,0.4794
100,A robin and a snail rowing across a misty lake,0.852637,0.47469797184687507,0.8521775940788751,0.7738,4.25,0.8125,4.0,4.5,3.8279,0.3305,0.321,0.6574,0.6648
101,A hare watering a rooftop garden in a coral reef,0.845399,0.46501921631487503,0.872341772663875,0.768,3.75,0.6875,4.5,3.0,3.771,0.3527,0.3544,0.698,0.7154
102,"A scorpion exploring a cave in an enchanted forest, photorealistic",0.835959,0.5101635094968751,0.843556243008,0.7685,4.5,0.875,4.0,5.0,3.7661,0.3075,0.286,0.6246,0.6161
103,"A goat tuning a grand piano, watercolor style",0.843675,0.4701886608,0.8707040016795,0.7677,3.75,0.6875,4.5,3.0,3.7679,0.3512,0.3528,0.6969,0.7142
104,"A pony tuning a grand piano, photorealistic",0.818577,0.46135189359387496,0.839781618343875,0.7456,3.5,0.625,4.5,2.5,3.5266,0.105,0.1107,0.2071,0.2685
105,A tiny cat holding an old brass compass in a misty valley,0.841824,0.462921915262,0.8543888901138751,0.7637,4.75,0.9375,4.5,5.0,3.7178,0.2662,0.2611,0.5574,0.5757
106,A dolphin baker in a bustling market,0.836725,0.42454404684687497,0.8547041530468751,0.752,3.25,0.5625,4.5,2.0,3.6001,0.1811,0.1834,0.4055,0.4422
107,A cheerful lamb sailor with a wooden music box,0.828808,0.449300830693875,0.850085850302,0.7512,4.0,0.75,5.0,3.0,3.5843,0.1652,0.1587,0.3657,0.3888
108,A fox mountaineer knitting a scarf,0.843996,0.477184093754875,0.886253370118875,0.7705,3.5,0.625,4.0,3.0,3.7999,0.4201,0.4223,0.7856,0.7982
109,"A pony sipping tea in a garden in a cherry blossom park, in soft paste",0.846748,0.45625306057949994,0.8878584790755,0.7682,3.5,0.625,3.5,3.5,3.775,0.3834,0.3859,0.7326,0.7487
110,A tiny lamb holding a basket of apples in a misty valley,0.852209,0.450980892884875,0.8924657783875,0.7714,4.5,0.875,4.0,5.0,3.8026,0.4055,0.3971,0.7599,0.7636
111,A fox and a lemur dancing in the rain,0.85349,0.51336554355,0.8825451359875,0.7846,4.25,0.8125,4.0,4.5,3.9483,0.5934,0.5772,1.0,0.9802
112,"A moth dancing in the rain, watercolor style",0.845716,0.4405194825995,0.876575996221875,0.7634,4.25,0.8125,4.5,4.0,3.7184,0.3164,0.3119,0.6398,0.655
113,A bumblebee forging a silver key in a candlelit cafe,0.838714,0.44750725350200005,0.857212325233875,0.7584,4.25,0.8125,4.5,4.0,3.6637,0.2329,0.2289,0.5018,0.5244
114,A rhino and a ant racing a paper airplane,0.829932,0.433134484268875,0.855938037563875,0.749,3.5,0.625,3.5,3.5,3.5643,0.1682,0.1698,0.3738,0.4112
115,A bear conducting an orchestra in a bustling market,0.843511,0.513558250033875,0.8817765138395,0.7774,3.75,0.6875,4.5,3.0,3.8755,0.5413,0.5511,0.9337,0.9466
116,A tiny otter holding a cup of hot cocoa in a cozy library,0.843702,0.49082020287187506,0.880532195879875,0.7727,3.75,0.6875,4.0,3.5,3.8232,0.4466,0.4493,0.8227,0.8337
117,A mole locksmith repairing a pocket watch,0.835265,0.429607452078,0.8696397303954999,0.7531,3.25,0.5625,4.5,2.0,3.6104,0.2289,0.2308,0.4967,0.5267
118,A scorpion and a alpaca rowing across a misty lake,0.839301,0.441589546048,0.8694531520848751,0.7585,3.25,0.5625,4.0,2.5,3.6688,0.2658,0.2673,0.562,0.5873
119,A ferret racing a paper airplane in a sunflower field,0.844789,0.46648195584687496,0.8856576124098751,0.7688,3.5,0.625,4.0,3.0,3.781,0.3925,0.3946,0.7488,0.7635
120,"A donkey planting a bonsai tree in a greenhouse, in warm golden light",0.854352,0.47892581618887503,0.8932400486719999,0.7788,3.75,0.6875,4.5,3.0,3.8907,0.495,0.5021,0.874,0.8872
121,"A goose tuning a grand piano, with bold vivid colors",0.836964,0.465851225428875,0.8787311774995001,0.7625,3.75,0.6875,4.5,3.0,3.7114,0.3237,0.3253,0.6627,0.682
122,"A spider conducting an orchestra, in warm golden light",0.831535,0.4226769446355,0.858406669448875,0.7482,3.5,0.625,4.0,3.0,3.555,0.1703,0.1725,0.3803,0.4187
123,"A beetle reading a giant book in a sunflower field, in warm golden lig",0.84898,0.491051093829875,0.877991117502,0.7764,3.5,0.625,4.0,3.0,3.8653,0.4704,0.4737,0.8506,0.8607
124,A rhino ranger photographing the moon,0.834411,0.441687022272,0.864322894188875,0.7546,3.5,0.625,4.5,2.5,3.6256,0.2266,0.228,0.4927,0.5221
125,A wombat and a elephant folding origami cranes,0.841619,0.414794611232,0.884251448614875,0.7556,3.5,0.625,4.0,3.0,3.6374,0.2737,0.2786,0.574,0.6037
126,A iguana cobbler exploring a cave,0.836745,0.46194589275549996,0.8938003111980001,0.7626,4.0,0.75,4.5,3.5,3.7103,0.3527,0.3464,0.6877,0.698
127,"A llama fishing off a wooden pier, in gentle morning light",0.842285,0.44064851195,0.8785240044875001,0.7611,3.5,0.625,4.0,3.0,3.6965,0.3047,0.3064,0.623,0.6448
128,A sloth and a turtle ice skating at night,0.83853,0.479432360894875,0.871338920222,0.766,4.25,0.8125,4.5,4.0,3.7475,0.3478,0.3441,0.6961,0.7092
129,A tiny flamingo holding a bouquet of wildflowers in an enchanted fores,0.858659,0.4683293315195,0.884547768909875,0.7791,3.5,0.625,4.5,2.5,3.8968,0.4614,0.4721,0.8348,0.8548
130,A otter florist beside a waterfall,0.818797,0.449260671548875,0.866622302248875,0.7451,4.25,0.8125,3.5,5.0,3.5123,0.1643,0.1482,0.3683,0.3691
131,A kangaroo tuning a grand piano on a cliff overlooking the sea,0.853512,0.5089142263355,0.8799830101995,0.7835,3.75,0.6875,4.5,3.0,3.9433,0.5686,0.5786,0.969,0.9802
132,A bear bookbinder planting a bonsai tree,0.844653,0.49170421867187497,0.856703107739875,0.7719,3.5,0.625,3.5,3.5,3.8163,0.3697,0.3726,0.7093,0.7274
133,A narwhal skier picking apples in autumn,0.832995,0.499451282496875,0.860225431928,0.7654,3.75,0.6875,4.5,3.0,3.7423,0.3425,0.3463,0.6729,0.6945
134,A beaver beekeeper on a rooftop at night,0.841155,0.448074399873875,0.8897466129248749,0.7626,4.25,0.8125,4.5,4.0,3.7096,0.3392,0.3344,0.6701,0.6831
135,A goat firefighter picking apples in autumn,0.817171,0.5069002815754999,0.8394513720838749,0.754,3.25,0.5625,3.0,3.5,3.6271,0.1675,0.1804,0.3785,0.4384
136,A cheerful hedgehog magician with a wooden music box,0.839828,0.48145630349487495,0.877292838268875,0.7677,3.5,0.625,4.0,3.0,3.7694,0.3798,0.3816,0.7411,0.756
137,A kangaroo playing a tiny violin on a foggy harbor,0.842186,0.44260668555000005,0.8589245907738751,0.76,4.25,0.8125,4.5,4.0,3.6806,0.2464,0.2422,0.526,0.5472
138,A cheerful salamander magician with a pocket watch,0.829674,0.4614718435755,0.8604624711995,0.7551,3.75,0.6875,3.5,4.0,3.6294,0.2238,0.2253,0.4881,0.518
139,A elephant and a spider flying a hot air balloon,0.834179,0.4297601941795,0.8796002890354999,0.7531,3.25,0.5625,3.5,3.0,3.6104,0.2483,0.2503,0.5309,0.5589
140,"A beetle folding origami cranes on a cliff overlooking the sea, in a w",0.84455,0.4521502479948751,0.878464693952,0.7651,3.5,0.625,4.5,2.5,3.7405,0.3377,0.3394,0.6742,0.693
141,A cheerful camel fisherman with a wooden music box,0.839188,0.4280840873355,0.8917466411555,0.7572,3.75,0.6875,4.5,3.0,3.6522,0.2943,0.2978,0.6033,0.6288
142,A tiny gecko holding a small telescope in a lantern-lit alley,0.848294,0.5106877595988749,0.8791245082498751,0.7801,4.5,0.875,5.0,4.0,3.8963,0.548,0.5367,0.943,0.9327
143,A crab jeweler repairing a pocket watch,0.833989,0.418415473489875,0.8529225795355,0.7487,3.5,0.625,4.5,2.5,3.5605,0.1573,0.1602,0.3547,0.3963
144,A tiny turtle holding a jar of fireflies on a floating island,0.842989,0.44839489519987497,0.860712919668875,0.7619,3.75,0.6875,4.0,3.5,3.7048,0.2671,0.2686,0.5609,0.5863
145,A mantis and a llama playing a tiny violin,0.841509,0.4799956641755,0.876102372744875,0.7686,2.5,0.375,3.0,2.0,3.7816,0.3822,0.3861,0.7434,0.7582
146,"A peacock solving a crossword, in a whimsical cartoon style",0.824059,0.44856964257887505,0.8741553393995,0.7493,3.75,0.6875,4.5,3.0,3.5654,0.2065,0.2089,0.4622,0.4955
147,A penguin carpenter tuning a grand piano,0.844911,0.45973864188749997,0.8841668989548749,0.7674,3.75,0.6875,4.5,3.0,3.7643,0.3722,0.3742,0.7215,0.7377
148,A mantis and a wombat tuning a grand piano,0.840732,0.47621283813387505,0.8572897279820001,0.7659,3.0,0.5,3.5,2.5,3.7517,0.3054,0.3071,0.6191,0.6412
149,A robin teacher on a rooftop at night,0.82388,0.44919767920000003,0.845764595746875,0.7473,3.75,0.6875,4.0,3.5,3.5428,0.13,0.1328,0.2794,0.3264
150,"A moth picking apples in autumn in a cozy library, in a cozy hand-draw",0.834847,0.5008049764875,0.855686286024875,0.7667,3.5,0.625,4.0,3.0,3.7587,0.3393,0.3436,0.6654,0.688
151,"A whale reading a giant book in a candlelit cafe, in warm golden light",0.851141,0.501222937329875,0.877987219694875,0.7801,3.75,0.6875,4.5,3.0,3.9045,0.5207,0.5266,0.9104,0.9201
152,"A giraffe mixing a bubbling potion at a countryside fair, in gentle mo",0.850204,0.46971867382200005,0.8776001228620001,0.7728,3.5,0.625,4.5,2.5,3.8252,0.407,0.4097,0.7698,0.784
153,A shark baker sipping tea in a garden,0.827351,0.48418041292987496,0.875318589048,0.7592,4.25,0.8125,4.0,4.5,3.67,0.3004,0.2941,0.6313,0.644
154,"A shark brewing coffee at dawn in a misty valley, in a dreamy haze",0.836194,0.450345118404875,0.874095052649875,0.7584,3.75,0.6875,3.0,4.5,3.6662,0.2763,0.2777,0.5846,0.6084
155,"A dog blowing glass ornaments in a cluttered workshop, in a whimsical ",0.848333,0.44867262937887503,0.8789322728888751,0.7671,3.75,0.6875,4.5,3.0,3.762,0.3513,0.3535,0.6909,0.7092
156,A tiger acrobat on a wooden bridge,0.846665,0.473343377613875,0.8682151021198751,0.7703,3.5,0.625,4.5,2.5,3.798,0.3685,0.3704,0.7173,0.7337
157,A llama skier on a rooftop at night,0.834457,0.4686572062,0.879711197952,0.7614,3.25,0.5625,4.0,2.5,3.7007,0.3175,0.319,0.6549,0.6747
158,"A wombat balancing on a tightrope, watercolor style",0.848788,0.406508644153875,0.865239779313875,0.7577,3.5,0.625,4.5,2.5,3.6615,0.2406,0.2483,0.5262,0.5638
159,A tiny wolf holding a vintage camera in a bustling market,0.8448,0.501223906109875,0.8790726297520001,0.7756,4.0,0.75,4.5,3.5,3.8529,0.489,0.4824,0.8728,0.8724
160,A cheerful donkey wizard with a slice of cake,0.829823,0.46407432475487503,0.876116624296875,0.7568,4.25,0.8125,4.5,4.0,3.6461,0.2692,0.2649,0.5811,0.5992
161,A tiny giraffe holding a jar of fireflies in a bamboo grove,0.848615,0.48239879589949997,0.872402291448875,0.7739,3.5,0.625,3.5,3.5,3.8378,0.4203,0.4228,0.7873,0.8002
162,A dolphin brewing coffee at dawn at a countryside fair,0.839827,0.472158452638,0.8938659936348751,0.767,3.5,0.625,4.5,2.5,3.7621,0.3991,0.4027,0.7507,0.7671
163,A lamb baker in a lantern-lit alley,0.832111,0.48989515687549995,0.860137581633875,0.7627,2.75,0.4375,3.0,2.5,3.7193,0.3054,0.3091,0.621,0.6438
164,A otter reading under an umbrella in a cozy library,0.838847,0.4855550929195,0.8861090466479999,0.7685,4.25,0.8125,3.5,5.0,3.7739,0.4145,0.41,0.7799,0.7873
165,A crow teacher brewing coffee at dawn,0.815614,0.475238212088,0.8490753094395,0.747,3.5,0.625,4.0,3.0,3.5425,0.1403,0.1484,0.3037,0.3608
166,"A turtle playing a tiny violin, in a vintage storybook style",0.834271,0.463547356658875,0.874412544503875,0.7598,3.75,0.6875,4.0,3.5,3.6815,0.2905,0.2919,0.6134,0.6355
167,A dragonfly building a sandcastle in an autumn park,0.840808,0.4715850449875,0.874857482078875,0.7662,4.0,0.75,4.5,3.5,3.7512,0.3501,0.3465,0.6996,0.7125
168,A tiny bat holding a stack of books in a lavender meadow,0.845251,0.44043572685550003,0.8833124616755,0.7635,4.5,0.875,4.5,4.5,3.7184,0.3315,0.3269,0.6606,0.6744
169,A cat climbing a snowy peak at a mountain lake at sunrise,0.838636,0.497868647712,0.8833617615555,0.7707,4.25,0.8125,4.5,4.0,3.7976,0.4498,0.444,0.8246,0.828
170,A chinchilla juggler on a train platform,0.849003,0.46105494671799996,0.873251280621875,0.7698,3.5,0.625,4.0,3.0,3.7924,0.365,0.3672,0.7124,0.7296
171,"A tiger building a birdhouse in a bustling market, in soft pastel colo",0.852555,0.48071226193949995,0.8825350608955,0.7771,3.5,0.625,4.5,2.5,3.8737,0.4674,0.4715,0.8446,0.8561
172,A beaver botanist watering a rooftop garden,0.836307,0.43312167198199997,0.850341539009875,0.7532,4.25,0.8125,4.0,4.5,3.6035,0.1744,0.1675,0.3905,0.412
173,A tiny bumblebee holding an old brass compass on a foggy harbor,0.847625,0.4611903391755,0.882198511118,0.7695,3.75,0.6875,4.5,3.0,3.7876,0.3849,0.3871,0.739,0.7544
174,A lamb dj on a rooftop at night,0.822764,0.47114348365987496,0.8829113407395001,0.7537,3.5,0.625,3.5,3.5,3.6167,0.2578,0.2613,0.5592,0.588
175,A penguin and a chameleon feeding pigeons in a plaza,0.835577,0.4446823949875,0.878232742538875,0.7571,3.5,0.625,3.5,3.5,3.6525,0.2744,0.2759,0.579,0.6033
176,A squirrel and a giraffe tending a beehive,0.84958,0.470635624768,0.874810187502,0.7723,4.25,0.8125,4.5,4.0,3.8164,0.3976,0.3929,0.7578,0.7662
177,A rhino writing a letter in a lantern-lit alley,0.844974,0.46699982390199996,0.8638364245968749,0.7675,3.75,0.6875,4.5,3.0,3.7656,0.3282,0.3298,0.6573,0.677
178,A cheerful axolotl locksmith with a stack of books,0.841464,0.48994091213987506,0.834390942142,0.7676,3.5,0.625,4.5,2.5,3.7723,0.2186,0.2279,0.4885,0.532
179,A tiny spider holding a paper airplane in a moonlit garden,0.850097,0.477408465888,0.9043246346875001,0.7762,3.75,0.6875,4.5,3.0,3.8625,0.4792,0.4908,0.8534,0.8728
180,A cheerful wombat locksmith with a ball of yarn,0.838616,0.46007462218749995,0.859861664996875,0.7612,3.25,0.5625,4.0,2.5,3.6981,0.266,0.2674,0.5595,0.5849
181,A tiny donkey holding a wooden music box in a bamboo grove,0.851432,0.46325816093550004,0.8943267321755001,0.7735,3.75,0.6875,4.5,3.0,3.8322,0.4369,0.4423,0.7997,0.8152
182,A crab folding origami cranes under a starry sky,0.821102,0.470861142621875,0.870258195358,0.7515,4.0,0.75,4.5,3.5,3.587,0.2176,0.2039,0.4882,0.4938
183,A cheerful dragonfly fencer with a slice of cake,0.836622,0.45343268227487504,0.900435907179875,0.7612,3.0,0.5,2.5,3.5,3.7055,0.339,0.3454,0.6657,0.6909
184,A fox and a pufferfish surfing a big wave,0.839813,0.4872609063875,0.8701554055468751,0.7684,2.75,0.4375,2.5,3.0,3.7801,0.3771,0.3812,0.7333,0.7491
185,"A shark building a sandcastle, in a dreamy haze",0.819285,0.4433315365355,0.868236256288875,0.7444,3.0,0.5,2.5,3.5,3.5193,0.163,0.1674,0.3647,0.409
186,A tiny piglet holding a jar of fireflies on a cliff overlooking the se,0.85105,0.46919231947549994,0.8712474996398749,0.7728,4.25,0.8125,4.5,4.0,3.8214,0.3897,0.3843,0.7451,0.7534
187,A tiny ladybug holding a paper lantern in a desert at noon,0.827826,0.44950172831387497,0.8711835975180001,0.752,4.25,0.8125,4.5,4.0,3.5928,0.2215,0.2167,0.4904,0.5119
188,A llama florist flying a hot air balloon,0.834974,0.46023609836799995,0.8903050443155001,0.7608,3.5,0.625,4.5,2.5,3.6934,0.3304,0.3328,0.6598,0.6804
189,"A shark reading tarot cards in a moonlit garden, photorealistic",0.831659,0.490960819552,0.885158358671875,0.7644,3.75,0.6875,4.5,3.0,3.7318,0.3813,0.3841,0.7375,0.7539
190,A cheerful shark jeweler with a paper lantern,0.833981,0.4729933260795,0.8576498928795,0.7604,3.25,0.5625,4.0,2.5,3.6896,0.2622,0.2638,0.5522,0.5782
191,A hamster chasing fireflies in a misty valley,0.840285,0.45609576318887496,0.8761378968879999,0.7627,4.25,0.8125,4.5,4.0,3.7121,0.3154,0.3119,0.6457,0.6617
192,A chinchilla mountaineer photographing the moon,0.845065,0.48989272622487495,0.8594495053548751,0.772,4.5,0.875,4.0,5.0,3.8098,0.3785,0.3734,0.7227,0.7327
193,A dolphin and a beetle carving a wooden spoon,0.830345,0.4594674886155,0.8697564059499999,0.7558,3.75,0.6875,4.5,3.0,3.6374,0.2481,0.2495,0.5407,0.5674
194,A hippo and a beetle skateboarding down a hill,0.839047,0.46373197489949997,0.8717951769548751,0.7631,3.5,0.625,4.5,2.5,3.7181,0.3121,0.3135,0.6428,0.6632
195,A kangaroo and a seahorse climbing a snowy peak,0.853572,0.49013532399887494,0.8797803988875,0.7796,3.75,0.6875,4.5,3.0,3.8996,0.4964,0.5018,0.8809,0.8917
196,A tiny peacock holding an old brass compass at a countryside fair,0.844961,0.43888574410987496,0.8814122797388749,0.7629,3.5,0.625,4.0,3.0,3.7161,0.3226,0.3245,0.648,0.6686
197,A alpaca violinist exploring a cave,0.831103,0.486669237328875,0.8723131564875,0.7622,3.5,0.625,3.0,4.0,3.709,0.3247,0.3267,0.6652,0.685
198,"A goose building a sandcastle, in a vintage storybook style",0.82908,0.4616306968,0.855304132348875,0.7543,4.0,0.75,4.5,3.5,3.6196,0.2047,0.1995,0.4481,0.4711
199,A tiny butterfly holding a basket of apples in a lavender meadow,0.846642,0.4439383874395,0.882983658368,0.7652,4.5,0.875,4.5,4.5,3.7372,0.3443,0.3399,0.6794,0.6924
200,A tiny badger holding a bouquet of wildflowers in a sunflower field,0.850754,0.45111266688487495,0.880210242478,0.7695,4.25,0.8125,4.0,4.5,3.7848,0.3717,0.3664,0.7186,0.7284
201,A mole lighthouse keeper climbing a snowy peak,0.8395,0.4287018742755,0.8651668915180001,0.7556,3.5,0.625,4.5,2.5,3.6371,0.2343,0.2362,0.5059,0.5355
202,A newt blacksmith in a snowy village,0.829823,0.48592064710487504,0.875240240028875,0.7613,2.5,0.375,2.5,2.5,3.7069,0.3219,0.3268,0.6628,0.6829
203,A hedgehog magician in a sunflower field,0.834873,0.489098889721875,0.8810994288320001,0.766,4.5,0.875,4.5,4.5,3.7448,0.3843,0.3799,0.7459,0.7554
204,"A shark flying a kite in a storm, watercolor style",0.848096,0.46067529871487506,0.889373676152,0.7702,3.25,0.5625,4.0,2.5,3.7985,0.4047,0.4077,0.7602,0.7753
205,A tiny dolphin holding a small telescope in an autumn park,0.845312,0.4725955883995,0.8987156969875,0.7714,3.25,0.5625,3.5,3.0,3.8131,0.4389,0.4449,0.7998,0.816
206,A duck and a hedgehog dancing in the rain,0.843965,0.44662624195199996,0.8813457975138749,0.7637,3.75,0.6875,4.0,3.5,3.7247,0.3317,0.3334,0.6632,0.6826
207,A cheerful lemur paramedic with a glowing lantern,0.840314,0.4827802200795,0.888354834622,0.7692,4.0,0.75,3.5,4.5,3.7825,0.4213,0.4165,0.7858,0.7925
208,"A shark repairing a pocket watch on a wooden bridge, watercolor style",0.84576,0.43553003608799995,0.8818354298998751,0.7628,3.25,0.5625,4.0,2.5,3.7167,0.3215,0.3237,0.6458,0.6668
209,"A axolotl conducting an orchestra, in warm golden light",0.82568,0.448254221103875,0.817888121144875,0.7464,3.75,0.6875,4.5,3.0,3.529,0.0522,0.0637,0.0046,0.1238
210,A snail baking sourdough in a coral reef,0.838905,0.3968386353595,0.872102433794875,0.7491,3.0,0.5,3.5,2.5,3.5732,0.2119,0.2238,0.4739,0.523
211,"A ant sketching in a cafe on a foggy harbor, in a cozy hand-drawn styl",0.839976,0.46197382648800006,0.8600568800355001,0.7626,3.5,0.625,4.0,3.0,3.7125,0.2776,0.2791,0.5783,0.6027
212,A gecko weaver folding origami cranes,0.829863,0.445263240393875,0.8806709650554999,0.7533,3.75,0.6875,4.5,3.0,3.6093,0.2489,0.2505,0.5371,0.5642
213,A cheerful ferret referee with a ball of yarn,0.833556,0.46850296537187497,0.870666110462,0.7601,4.5,0.875,4.5,4.5,3.6821,0.2872,0.2837,0.6075,0.6255
214,"A chinchilla conducting an orchestra in a lavender meadow, watercolor ",0.841941,0.48348282100487494,0.8617585982448751,0.7686,3.5,0.625,4.0,3.0,3.7789,0.3502,0.3521,0.687,0.7052
215,A robin gardening on a balcony in a bustling market,0.846094,0.473373154219875,0.8661987406720001,0.7698,3.5,0.625,4.0,3.0,3.792,0.3589,0.3607,0.7026,0.7198
216,A tiny llama holding a stack of books under a starry sky,0.846585,0.461628096958,0.866209518702,0.7677,4.25,0.8125,4.0,4.5,3.7655,0.3314,0.3276,0.6628,0.6776
217,"A beetle repairing a pocket watch, in a whimsical cartoon style",0.83386,0.4326076704395,0.873555372448,0.753,4.0,0.75,4.5,3.5,3.6051,0.2361,0.2311,0.5106,0.5311
218,A zebra jeweler in a greenhouse,0.840891,0.455382971968875,0.8675481010998749,0.7624,3.25,0.5625,3.5,3.0,3.711,0.2929,0.2943,0.6073,0.6298
219,A cheerful hamster astronaut with a wooden music box,0.835347,0.463013783573875,0.851001369272,0.7588,3.75,0.6875,4.5,3.0,3.6702,0.2215,0.2233,0.4793,0.5105
220,A tiny lobster holding a bunch of balloons in a neon nightclub,0.846131,0.44563720714487504,0.864114935246875,0.7639,4.5,0.875,4.5,4.5,3.7214,0.2884,0.2845,0.5958,0.6139
221,A jellyfish ranger gardening on a balcony,0.822782,0.4582897595995,0.8712986091180001,0.7502,2.75,0.4375,2.5,3.0,3.5844,0.2074,0.2129,0.4667,0.5007
222,A hippo violinist mixing a bubbling potion,0.839781,0.454920156923875,0.876578176453875,0.7621,3.25,0.5625,4.0,2.5,3.7081,0.3115,0.313,0.6396,0.6603
223,A axolotl professor juggling glowing orbs,0.824136,0.48445930658987496,0.8314993155748751,0.7538,3.25,0.5625,4.0,2.5,3.6226,0.1244,0.1329,0.2761,0.3385
224,A raccoon riding a unicycle on a foggy harbor,0.847076,0.4762081952355,0.851875180444875,0.7701,4.5,0.875,4.5,4.5,3.7863,0.3105,0.3033,0.6263,0.6382
225,A tiny bumblebee holding a ball of yarn in a cluttered workshop,0.850328,0.47908371612187495,0.859401868059875,0.7735,3.75,0.6875,3.5,4.0,3.8325,0.3699,0.3728,0.7118,0.7298
226,A tiny elephant holding an old brass compass in an autumn park,0.834838,0.403206266113875,0.880363941438,0.748,4.25,0.8125,4.5,4.0,3.5435,0.2194,0.1948,0.4837,0.4694
227,A tiny lion holding a jar of fireflies in a desert at noon,0.849951,0.4452976796875,0.875917618603875,0.7674,3.75,0.6875,4.5,3.0,3.7647,0.3434,0.3459,0.679,0.6986
228,A cheerful elephant gardener with a pocket watch,0.842218,0.425748561113875,0.868077920558,0.7572,3.75,0.6875,4.0,3.5,3.6524,0.2513,0.2537,0.5359,0.5643
229,A rhino astronomer on a floating island,0.833329,0.474544702743875,0.8812189657795,0.7619,4.25,0.8125,4.5,4.0,3.7017,0.3295,0.3256,0.6724,0.6865
230,A tiny fox holding a glowing lantern under a starry sky,0.848402,0.473553401489875,0.8772212862,0.7723,4.5,0.875,4.0,5.0,3.8148,0.4071,0.4027,0.7714,0.7794
231,A seahorse juggler on a rainy street,0.836647,0.46579728924799996,0.8964676488148751,0.7636,3.75,0.6875,4.5,3.0,3.7224,0.3663,0.3707,0.7045,0.7248
232,"A dolphin carving a wooden spoon, in a vintage storybook style",0.845355,0.47351837721387496,0.8725137418755,0.7697,3.75,0.6875,4.5,3.0,3.7902,0.3753,0.377,0.7303,0.7458
233,A tiny duck holding a ball of yarn on a rooftop at night,0.846117,0.47864498718750004,0.8692934015288749,0.7711,4.25,0.8125,4.5,4.0,3.8033,0.3845,0.3805,0.7401,0.7504
234,A cheerful sloth cobbler with a bowl of ramen,0.828677,0.436186679298875,0.8444146860238749,0.7479,3.25,0.5625,4.0,2.5,3.5553,0.1284,0.1309,0.2794,0.3256
235,"A pony surfing a big wave on a train platform, in soft pastel colors",0.838681,0.47928975643550004,0.8576966167679999,0.7651,4.5,0.875,4.5,4.5,3.7357,0.3043,0.2999,0.6177,0.634
236,"A pony tuning a grand piano, in a vintage storybook style",0.830881,0.428544996098875,0.867232218448875,0.7495,3.5,0.625,4.0,3.0,3.5701,0.1999,0.2017,0.4413,0.4749
237,A tiny lion holding a paper airplane on a rainy street,0.849217,0.471145025319875,0.8580219764995001,0.771,4.0,0.75,4.5,3.5,3.802,0.3361,0.3309,0.6647,0.6774
238,A cheerful sloth knight with a jar of fireflies,0.832992,0.523211996878,0.843700865923875,0.7691,3.75,0.6875,4.0,3.5,3.7843,0.3354,0.3546,0.6673,0.7088
239,A lemur and a lion racing a paper airplane,0.839578,0.49136650000000004,0.8611908395968749,0.7685,3.25,0.5625,4.0,2.5,3.7794,0.3596,0.3622,0.6989,0.7171
240,A mantis perfumer on a rooftop at night,0.824823,0.448331719023875,0.8891051218555001,0.7509,4.25,0.8125,3.5,5.0,3.5746,0.2418,0.233,0.5199,0.5337
241,A goose drummer in a candlelit cafe,0.825458,0.453668700379875,0.8685347615554999,0.751,3.0,0.5,2.5,3.5,3.5891,0.2088,0.2108,0.466,0.4984
242,A cheerful hummingbird jeweler with a steaming teacup,0.836334,0.44303240598750004,0.8772870200955,0.7572,3.75,0.6875,4.5,3.0,3.653,0.2736,0.2751,0.577,0.6014
243,A seahorse magician playing a tiny violin,0.840697,0.47211807635549996,0.8517715038,0.7646,3.5,0.625,4.0,3.0,3.7357,0.2703,0.2724,0.5631,0.5892
244,A tiny elephant holding a small telescope at a mountain lake at sunris,0.846438,0.495175702659875,0.8903017343755,0.7763,4.25,0.8125,4.0,4.5,3.8583,0.5067,0.5001,0.8892,0.8878
245,A hummingbird archer on a foggy harbor,0.838606,0.514469157373875,0.8774533497279999,0.7738,4.25,0.8125,4.5,4.0,3.8294,0.5013,0.4876,0.8844,0.875
246,A cat sailor reading tarot cards,0.82072,0.456612058044875,0.849863742462,0.7468,3.75,0.6875,4.5,3.0,3.5379,0.1395,0.1432,0.302,0.3492
247,A beetle carpenter in a neon nightclub,0.836113,0.45916973222987495,0.857974054558,0.759,2.75,0.4375,3.5,2.0,3.6768,0.2448,0.2473,0.5229,0.5506
248,A lemur perfumer baking sourdough,0.806432,0.491794061454875,0.841217861088,0.7433,4.0,0.75,4.5,3.5,3.4855,0.0987,0.0474,0.187,0.0
249,"A pufferfish building a birdhouse, in warm golden light",0.851898,0.49158544158199996,0.8794560740998749,0.7787,3.5,0.625,4.0,3.0,3.8914,0.4924,0.4969,0.8764,0.8864
250,A tiny giraffe holding a small telescope beside a waterfall,0.852334,0.464013151168,0.8937077036354999,0.7743,3.75,0.6875,4.5,3.0,3.8406,0.4421,0.4478,0.8067,0.8221
251,A kangaroo magician juggling glowing orbs,0.844211,0.490744815488,0.8904274549995,0.7738,3.25,0.5625,4.0,2.5,3.839,0.4781,0.4818,0.854,0.8643
252,"A goose sketching in a cafe in a desert at noon, in a whimsical cartoo",0.823568,0.489973036763875,0.877209091734875,0.7578,3.75,0.6875,4.5,3.0,3.6586,0.2978,0.3015,0.6244,0.6494
253,A crab watering a rooftop garden on a foggy harbor,0.84936,0.482790018721875,0.874338986539875,0.7747,3.0,0.5,3.5,2.5,3.8491,0.4319,0.4346,0.8025,0.8148
254,"A piglet racing a paper airplane in a snowy village, watercolor style",0.84925,0.45524002921987494,0.869905622274875,0.7685,4.25,0.8125,4.0,4.5,3.7744,0.3421,0.3378,0.6782,0.6914
255,A tiny ferret holding a ball of yarn on a wooden bridge,0.849495,0.4575133236355,0.881960391502,0.77,4.25,0.8125,4.0,4.5,3.7913,0.3851,0.3803,0.7377,0.7472
256,A cheerful axolotl jeweler with a paper airplane,0.847164,0.458956108878,0.853998017371875,0.7667,3.75,0.6875,3.5,4.0,3.7568,0.279,0.2811,0.5791,0.6043
257,A cheerful lamb wizard with a paper airplane,0.828252,0.4450646382048751,0.8625595,0.7508,3.75,0.6875,4.0,3.5,3.582,0.196,0.1975,0.434,0.4673
258,"A kangaroo surfing a big wave in a cherry blossom park, photorealistic",0.836215,0.489129637509875,0.8873125661395,0.7675,4.0,0.75,3.5,4.5,3.7634,0.413,0.408,0.7763,0.7835
259,A firefly weaver chasing fireflies,0.81947,0.41848717433987503,0.8484768547154999,0.7379,3.5,0.625,4.0,3.0,3.4413,0.0938,0.0981,0.1718,0.2323
260,"A otter surfing a big wave at a countryside fair, in a vintage storybo",0.841014,0.5019976943155,0.8703555059155,0.7724,4.0,0.75,3.5,4.5,3.8179,0.4402,0.4335,0.8104,0.8134
261,"A bear rowing across a misty lake on a foggy harbor, in a whimsical ca",0.83571,0.4837899471875,0.8588990471875,0.764,3.75,0.6875,4.0,3.5,3.7269,0.3047,0.3066,0.6192,0.6415
262,A cheerful panda blacksmith with a basket of apples,0.840407,0.4927713374555,0.896578967392,0.7719,2.75,0.4375,2.5,3.0,3.8265,0.4745,0.4809,0.8445,0.858
263,A badger and a elephant flying a kite in a storm,0.831605,0.485235205828875,0.8493483466155001,0.7606,3.75,0.6875,4.5,3.0,3.6901,0.2444,0.247,0.5187,0.5486
264,A cheerful squirrel archaeologist with a tiny umbrella,0.841688,0.43520861847187503,0.876984966063875,0.7594,3.75,0.6875,3.5,4.0,3.6771,0.2887,0.2905,0.5973,0.6209
265,"A axolotl repairing a pocket watch beside a waterfall, in warm golden ",0.832358,0.465801522378875,0.8498260443718749,0.7571,3.0,0.5,3.5,2.5,3.6566,0.2077,0.2097,0.4532,0.4863
266,A scorpion and a tiger feeding pigeons in a plaza,0.836149,0.4503858439875,0.8395627108738749,0.7559,3.75,0.6875,4.0,3.5,3.6379,0.1532,0.1572,0.3465,0.3914
267,A pony ice skating at night in a cherry blossom park,0.83874,0.43521567128800004,0.8875149749448751,0.758,3.5,0.625,3.5,3.5,3.6635,0.2975,0.2998,0.6085,0.6321
268,"A alpaca gardening on a balcony in a greenhouse, in a vintage storyboo",0.833197,0.460124711648,0.870347938339875,0.758,3.75,0.6875,4.5,3.0,3.662,0.267,0.2684,0.5726,0.5972
269,A scorpion chef under a starry sky,0.822642,0.49474005461950005,0.8734842088320001,0.7579,3.5,0.625,4.0,3.0,3.6628,0.2967,0.3015,0.6197,0.6465
270,A tiny peacock holding a glowing lantern on a rooftop at night,0.844766,0.4826410238,0.886586635742,0.7722,3.75,0.6875,4.0,3.5,3.8176,0.4431,0.4456,0.8142,0.8254
271,A badger folding origami cranes on a quiet beach at dusk,0.83936,0.4312924580955,0.8964194183755,0.7583,3.75,0.6875,4.5,3.0,3.6645,0.3055,0.3102,0.6202,0.6462
272,A tiny fox holding a steaming teacup on a floating island,0.84128,0.443548647712,0.879820330844875,0.7611,4.25,0.8125,5.0,3.5,3.6934,0.3078,0.3038,0.6285,0.6448
273,A hamster alchemist in a candlelit cafe,0.847044,0.48684091983987493,0.8938284057420001,0.7752,4.5,0.875,4.0,5.0,3.8447,0.4874,0.4801,0.8632,0.8625
274,"A narwhal stargazing on a rooftop in a desert at noon, with bold vivid",0.839472,0.4910112310795,0.8572790699874999,0.7681,3.5,0.625,3.5,3.5,3.7735,0.3418,0.3444,0.6708,0.6909
275,"A dog balancing on a tightrope, in soft pastel colors",0.853367,0.4634297735395,0.8787693187594999,0.7738,4.25,0.8125,4.5,4.0,3.8321,0.4092,0.4019,0.7701,0.7745
276,"A scorpion ice skating at night under a starry sky, in a vintage story",0.819472,0.46981525847187494,0.8811816715499999,0.7509,3.5,0.625,4.5,2.5,3.5862,0.2304,0.2357,0.5117,0.547
277,"A peacock blowing glass ornaments, in warm golden light",0.840034,0.402647899533875,0.8831712862755,0.7519,3.5,0.625,4.5,2.5,3.5964,0.2479,0.2574,0.5357,0.5754
278,A cheerful octopus mountaineer with a paper lantern,0.845177,0.49005397934487505,0.855309448942,0.7718,4.5,0.875,4.0,5.0,3.8068,0.3602,0.354,0.696,0.706
279,A cheerful lobster diver with a paper airplane,0.841245,0.46171328484887497,0.870030256721875,0.7641,3.5,0.625,4.0,3.0,3.7294,0.3152,0.3167,0.6444,0.6648
280,"A koala folding origami cranes, in a dreamy haze",0.845952,0.45803727047987497,0.8874537866688751,0.768,3.5,0.625,4.0,3.0,3.7724,0.3825,0.3848,0.7321,0.7481
281,A tiny hippo holding a jar of fireflies in an autumn park,0.841077,0.476555419193875,0.8802736622795,0.7678,4.75,0.9375,4.5,5.0,3.7661,0.382,0.3781,0.7424,0.7527
282,A tiny crow holding a slice of cake in a cherry blossom park,0.846573,0.46572793633549997,0.900006268832,0.7709,4.75,0.9375,4.5,5.0,3.7947,0.4263,0.4141,0.784,0.7818
283,A cheerful beaver florist with a slice of cake,0.846431,0.4416896335395,0.890475287604875,0.7651,4.0,0.75,4.0,4.0,3.7383,0.3547,0.3489,0.6912,0.7018
284,A firefly and a hamster picking apples in autumn,0.832258,0.452341540672,0.8761084448755,0.7561,3.5,0.625,3.5,3.5,3.6422,0.2625,0.2639,0.5643,0.5895
285,A tiny frog holding a slice of cake in a snowy village,0.843923,0.443202441742,0.8824061089580001,0.7631,4.0,0.75,4.5,3.5,3.7162,0.3277,0.3235,0.6562,0.6708
286,A dragonfly referee on a train platform,0.841237,0.453258186718875,0.876705146168,0.7628,3.5,0.625,4.5,2.5,3.7153,0.3168,0.3183,0.6462,0.6664
287,A ant astronomer beside a waterfall,0.821421,0.497481706808,0.8816900243194999,0.7581,4.0,0.75,4.0,4.0,3.6569,0.32,0.3018,0.651,0.6464
288,A tiny peacock holding a pocket watch on a foggy harbor,0.851241,0.47471805894200003,0.884361504448,0.7751,4.0,0.75,4.5,3.5,3.8474,0.4472,0.4412,0.8186,0.8221
289,A flamingo and a goose napping in a hammock,0.846805,0.447487265746875,0.890596209619875,0.7666,3.5,0.625,4.5,2.5,3.7578,0.3692,0.3722,0.7112,0.7292
290,A tiny walrus holding an old brass compass on a cliff overlooking the ,0.847265,0.46359441743950003,0.8805658613874999,0.7696,4.5,0.875,4.5,4.5,3.7861,0.3842,0.3801,0.7395,0.7496
291,A chinchilla ranger in an autumn park,0.827873,0.46973439496387503,0.8581758097448751,0.7553,3.75,0.6875,4.0,3.5,3.6321,0.2233,0.225,0.4853,0.5158
292,A moth potter at a countryside fair,0.81733,0.45625291279999997,0.852889093678,0.7445,4.0,0.75,4.5,3.5,3.5087,0.1332,0.115,0.2848,0.277
293,"A sloth fishing off a wooden pier, in a dreamy haze",0.84183,0.42717715655949995,0.8900376422794999,0.7588,4.5,0.875,4.0,5.0,3.6634,0.3039,0.2953,0.6183,0.6286
294,"A goat knitting a scarf in an enchanted forest, in gentle morning ligh",0.845957,0.45281157607800004,0.8923349539995,0.7673,3.25,0.5625,3.5,3.0,3.7662,0.3803,0.3835,0.7255,0.7431
295,A salamander and a chameleon sipping tea in a garden,0.841979,0.43646443962387504,0.8917042096538749,0.7609,3.75,0.6875,3.5,4.0,3.6937,0.3239,0.3269,0.6468,0.6689
296,"A octopus harvesting wildflowers, in warm golden light",0.837795,0.45326653567950004,0.876707693088,0.7604,4.0,0.75,4.5,3.5,3.6869,0.2974,0.294,0.6185,0.6361
297,A lemur and a wombat repairing a pocket watch,0.843697,0.43313624375550003,0.876740437349875,0.7604,3.25,0.5625,4.0,2.5,3.6907,0.2945,0.2965,0.6059,0.6292
298,"A flamingo ice skating at night, with bold vivid colors",0.835672,0.4635273058795,0.8588778774718749,0.7597,4.25,0.8125,3.5,5.0,3.6786,0.2546,0.2508,0.5403,0.5615
299,A sloth and a tiger reading a giant book,0.844048,0.4526792084955,0.881929839863875,0.7651,3.75,0.6875,4.5,3.0,3.7396,0.3457,0.3475,0.6847,0.7029
300,A tiny newt holding an old brass compass in an autumn park,0.838628,0.436329629173875,0.884962884989875,0.758,3.75,0.6875,4.5,3.0,3.6616,0.2937,0.2957,0.6037,0.6271
301,A jellyfish and a moth solving a crossword,0.829287,0.433871462746875,0.8741031661195,0.75,3.25,0.5625,4.0,2.5,3.5769,0.2154,0.2171,0.4734,0.5047
302,A beaver and a peacock harvesting wildflowers,0.845277,0.4389043274875,0.890829750453875,0.7638,3.5,0.625,2.5,4.5,3.7264,0.344,0.3469,0.676,0.6962
303,A scorpion coach in a coral reef,0.827279,0.432736713699875,0.8640957625579999,0.7476,3.25,0.5625,3.0,3.5,3.5507,0.1795,0.1813,0.3989,0.4352
304,A spider and a flamingo feeding pigeons in a plaza,0.833315,0.440724537421875,0.8694175652555001,0.754,3.0,0.5,4.0,2.0,3.6207,0.2338,0.2352,0.5079,0.5365
305,A wombat picking apples in autumn in a sunflower field,0.838511,0.440103687634875,0.8610862188155,0.757,3.25,0.5625,3.0,3.5,3.6532,0.2335,0.235,0.5037,0.5326
306,"A lemur playing a tiny violin on a rainy street, watercolor style",0.852346,0.49569678355,0.869967030284875,0.7792,4.0,0.75,4.5,3.5,3.8926,0.4782,0.4703,0.8563,0.8554
307,A tiny pufferfish holding an old brass compass at a mountain lake at s,0.847462,0.4565104647755,0.866337447621875,0.7673,3.75,0.6875,4.0,3.5,3.7632,0.3245,0.3264,0.652,0.6723
308,A newt blacksmith solving a crossword,0.831476,0.47905390219487504,0.865928010232,0.7604,3.0,0.5,4.0,2.0,3.6913,0.2882,0.2898,0.6042,0.6272
309,A cheerful bat mountaineer with a paper airplane,0.835052,0.49356138088750007,0.8521338398795,0.765,4.5,0.875,4.0,5.0,3.7328,0.3001,0.2926,0.608,0.6204
310,"A butterfly exploring a cave at a countryside fair, in a whimsical car",0.833197,0.4885580720155,0.8865540341788751,0.7651,4.0,0.75,4.5,3.5,3.7372,0.388,0.3831,0.7451,0.754
311,"A badger tending a beehive in a lavender meadow, with bold vivid color",0.846636,0.437564307998875,0.8825258659088749,0.7639,4.5,0.875,4.0,5.0,3.7216,0.3311,0.3259,0.6597,0.6728
312,A tiny panda holding a bowl of ramen in a bustling market,0.851952,0.48046098965387496,0.878271083512,0.7763,4.5,0.875,4.0,5.0,3.8579,0.4505,0.4442,0.825,0.8277
313,A cheerful elephant florist with a bowl of ramen,0.838257,0.445541616424875,0.8719734024218749,0.7587,3.75,0.6875,4.0,3.5,3.6699,0.2739,0.2753,0.5774,0.6018
314,A bat mixing a bubbling potion on a cliff overlooking the sea,0.840303,0.47439956841487496,0.8781770774875001,0.7667,3.5,0.625,4.0,3.0,3.7575,0.3645,0.3662,0.7201,0.736
315,A raccoon and a tiger sipping tea in a garden,0.844607,0.4770642603955,0.882419918619875,0.7706,3.5,0.625,3.0,4.0,3.8012,0.4118,0.4138,0.7781,0.7909
316,A meerkat judge blowing glass ornaments,0.830188,0.44149589299549996,0.815527844173875,0.7481,3.25,0.5625,4.0,2.5,3.5635,0.0505,0.0636,0.0,0.1301
317,A toucan feeding pigeons in a plaza in a lantern-lit alley,0.850683,0.453146998998875,0.859039304909875,0.7684,3.25,0.5625,3.5,3.0,3.7805,0.303,0.3057,0.6173,0.6409
318,A hedgehog ranger on a floating island,0.835742,0.453212101509875,0.8717579519648749,0.7585,4.0,0.75,4.0,4.0,3.6668,0.2725,0.2692,0.579,0.5989
319,A platypus ranger conducting an orchestra,0.83768,0.457479894528875,0.88183566395,0.7615,4.0,0.75,5.0,3.0,3.6994,0.3189,0.3153,0.6505,0.6662
320,A penguin teacher reading under an umbrella,0.830922,0.44008343016387497,0.8633406783538751,0.7517,3.25,0.5625,4.5,2.0,3.5949,0.2044,0.2058,0.4502,0.4823
321,A butterfly clockmaker chasing fireflies,0.819965,0.4286930511595,0.8790120496875,0.7426,3.0,0.5,3.5,2.5,3.5016,0.1711,0.1758,0.3814,0.4248
322,A narwhal and a bumblebee reading a giant book,0.840282,0.4826055790955,0.8528125270795,0.7666,4.25,0.8125,4.5,4.0,3.7521,0.3004,0.2941,0.6095,0.6234
323,A tiny narwhal holding a tiny umbrella in a coral reef,0.853716,0.44123722863799997,0.865715747013875,0.7685,3.5,0.625,3.5,3.5,3.7804,0.3166,0.3209,0.6395,0.6637
324,A tiny goat holding an old brass compass on a train platform,0.848518,0.4698251220795,0.889916738678875,0.7725,4.25,0.8125,4.0,4.5,3.8176,0.4331,0.4274,0.7972,0.8023
325,A platypus librarian in a candlelit cafe,0.837898,0.47271527272987496,0.8686198711718749,0.7639,3.75,0.6875,4.5,3.0,3.7265,0.3179,0.3194,0.6507,0.6707
326,A butterfly knight brewing coffee at dawn,0.825754,0.5069786036780001,0.8594940122038751,0.7617,3.0,0.5,3.0,3.0,3.7111,0.3165,0.3233,0.6334,0.6614
327,"A jellyfish planting tulips, in a whimsical cartoon style",0.845809,0.461268987614875,0.878046621163875,0.7679,3.5,0.625,3.5,3.5,3.7709,0.3631,0.3649,0.712,0.7286
328,"A salamander baking sourdough at a countryside fair, in soft pastel co",0.850466,0.4840858565595,0.846780646269875,0.7738,3.25,0.5625,4.0,2.5,3.8442,0.3173,0.3219,0.6397,0.6644
329,A cheerful camel beekeeper with a bowl of ramen,0.83404,0.476376916943875,0.8743855814298749,0.7623,2.75,0.4375,2.5,3.0,3.7126,0.3193,0.3232,0.6593,0.6789
330,A camel racing a paper airplane under a starry sky,0.839158,0.41469524934199997,0.8828259811718749,0.7537,3.0,0.5,2.5,3.5,3.6215,0.2592,0.2639,0.55,0.581
331,A gecko sailor in an autumn park,0.817046,0.53766398,0.8573487870794999,0.7616,4.25,0.8125,3.5,5.0,3.6833,0.3527,0.275,0.687,0.5975
332,A raccoon cobbler in a cherry blossom park,0.835388,0.439469004472,0.8807401323338749,0.756,3.5,0.625,4.5,2.5,3.6412,0.2714,0.2731,0.5715,0.5964
333,A cheerful koala barber with a glowing lantern,0.847301,0.47422549579549994,0.87531750555,0.7715,3.5,0.625,4.0,3.0,3.8105,0.397,0.399,0.7589,0.773
334,A ant and a narwhal repairing a pocket watch,0.824019,0.45571197765550003,0.8663139039968749,0.7502,3.5,0.625,4.0,3.0,3.5774,0.1991,0.2015,0.4456,0.4799
335,"A crab napping in a hammock, in a cozy hand-drawn style",0.84393,0.4672346383595,0.883498351249875,0.7682,4.75,0.9375,4.5,5.0,3.7697,0.3833,0.3793,0.739,0.7494
336,A wolf and a bumblebee carving a wooden spoon,0.83538,0.45572272770887506,0.8716370465155001,0.7588,3.5,0.625,4.0,3.0,3.6708,0.2746,0.276,0.5835,0.6075
337,A tiny kangaroo holding a basket of apples in a lavender meadow,0.851248,0.5002889535499999,0.8768197312,0.7799,4.5,0.875,4.5,4.5,3.8949,0.5138,0.5058,0.9021,0.8982
338,"A badger picking apples in autumn at a mountain lake at sunrise, in ge",0.846059,0.5054297663038749,0.8877835555119999,0.778,3.25,0.5625,3.5,3.0,3.8871,0.5383,0.5449,0.9289,0.9383
339,A rhino jeweler chasing fireflies,0.82151,0.44641600823987504,0.863450964792,0.7463,3.5,0.625,4.0,3.0,3.534,0.167,0.1701,0.3723,0.4131
340,"A piglet blowing glass ornaments in a misty valley, with bold vivid co",0.845233,0.461782300399875,0.8841123079875001,0.768,3.5,0.625,4.0,3.0,3.7724,0.3788,0.3808,0.7307,0.7463
341,A alpaca forging a silver key on a floating island,0.833293,0.467369629209875,0.8686777195500001,0.7595,3.5,0.625,4.5,2.5,3.6787,0.278,0.2794,0.5908,0.6144
342,A tiny bat holding a tiny umbrella on a train platform,0.845305,0.4520798019875,0.8807953234875,0.7658,4.25,0.8125,4.5,4.0,3.7455,0.3481,0.3442,0.6879,0.7012
343,A cheerful penguin gardener with a glowing lantern,0.843064,0.434153675598,0.8784974552,0.7603,4.5,0.875,4.5,4.5,3.6829,0.2977,0.2924,0.6108,0.6262
344,A rhino flying a kite in a storm at a countryside fair,0.84631,0.477362062363875,0.885972925358875,0.7722,3.0,0.5,3.0,3.0,3.821,0.4333,0.4357,0.8018,0.8137
345,A platypus and a ladybug planting tulips,0.843826,0.45267573919950005,0.875662840346875,0.7645,3.25,0.5625,3.5,3.0,3.7345,0.3269,0.3285,0.6594,0.679
346,A meerkat and a zebra meditating under a waterfall,0.840798,0.479474817424875,0.871115662462,0.7676,3.5,0.625,4.5,2.5,3.7675,0.3613,0.363,0.7134,0.7298
347,"A hedgehog fishing off a wooden pier in a lavender meadow, in warm gol",0.85065,0.472145389678,0.873538733982,0.7733,4.0,0.75,4.5,3.5,3.8284,0.4034,0.3981,0.7645,0.7719
348,A beaver and a firefly racing a paper airplane,0.844276,0.40442851362187504,0.8553680750355,0.7533,3.25,0.5625,3.5,3.0,3.6178,0.1869,0.1941,0.4286,0.4733
349,A axolotl mountaineer harvesting wildflowers,0.816883,0.45021090933950003,0.8373219973998749,0.7419,3.5,0.625,4.0,3.0,3.4853,0.0821,0.0883,0.1269,0.1989
350,A beaver alchemist reading tarot cards,0.833662,0.462487756523875,0.8758494259875,0.7592,4.25,0.8125,4.5,4.0,3.6737,0.2884,0.2849,0.6103,0.6282
351,A lemur and a crab conducting an orchestra,0.841529,0.45409972399687504,0.884200343994875,0.7638,3.5,0.625,4.5,2.5,3.7257,0.3408,0.3426,0.6776,0.6963
352,A hippo judge reading tarot cards,0.81856,0.478937791759875,0.856907754782,0.7505,3.75,0.6875,4.0,3.5,3.5773,0.1864,0.1922,0.4116,0.4546
353,A ant mountaineer in a bamboo grove,0.829873,0.4410993961579999,0.8652047960938751,0.7513,3.25,0.5625,4.0,2.5,3.5905,0.2057,0.2071,0.4539,0.4859
354,A tiny fox holding a stack of books in a snowy village,0.846976,0.470582275953875,0.892089442179875,0.7717,4.0,0.75,4.5,3.5,3.8102,0.4319,0.4258,0.7942,0.799
355,A tiny piglet holding a bowl of ramen in a cozy library,0.848497,0.482212022382,0.883570171358875,0.7746,4.25,0.8125,4.5,4.0,3.8409,0.4541,0.4493,0.8291,0.8335
356,"A narwhal conducting an orchestra, with bold vivid colors",0.839206,0.49046222571987497,0.846213260213875,0.767,3.5,0.625,4.5,2.5,3.7626,0.2816,0.2856,0.5821,0.6097
357,A narwhal exploring a cave in a lantern-lit alley,0.852487,0.482113031538875,0.8977995784155001,0.7785,3.75,0.6875,4.0,3.5,3.887,0.5031,0.5109,0.8829,0.8962
358,A sloth astronomer in a desert at noon,0.824988,0.47874621183487504,0.8613636624238751,0.7554,3.5,0.625,4.0,3.0,3.6341,0.2358,0.2383,0.5113,0.5414
359,A wolf carpenter blowing glass ornaments,0.823317,0.49140079708487505,0.853302317342,0.7562,3.25,0.5625,4.0,2.5,3.6469,0.2292,0.2333,0.492,0.5258
360,A cat and a bat climbing a snowy peak,0.838041,0.45139758175799993,0.887817693253875,0.7609,4.0,0.75,3.5,4.5,3.6925,0.3242,0.32,0.651,0.6658
361,A dragonfly and a bumblebee sailing a paper boat,0.841233,0.46507603952887505,0.882918262471875,0.7657,4.25,0.8125,3.5,5.0,3.7449,0.3602,0.3564,0.7091,0.7213
362,A axolotl cartographer in a moonlit garden,0.820213,0.463166054318875,0.8339446492968751,0.7467,3.75,0.6875,4.5,3.0,3.5351,0.0941,0.1006,0.1756,0.2432
363,A llama professor in an autumn park,0.821809,0.44349351297550005,0.867702550554875,0.7462,3.25,0.5625,3.5,3.0,3.5355,0.1745,0.1776,0.3909,0.4304
364,"A shark sketching in a cafe in an autumn park, with bold vivid colors",0.8406,0.508700444249875,0.881367141346875,0.7743,3.75,0.6875,4.5,3.0,3.8407,0.5013,0.5085,0.8857,0.8984
365,A tiny toucan holding a basket of apples at a mountain lake at sunrise,0.846381,0.507744218064875,0.855024351838,0.7764,3.75,0.6875,3.5,4.0,3.864,0.4269,0.4343,0.7846,0.8034
366,A rhino and a lemur fishing off a wooden pier,0.838932,0.47359090009387506,0.8783358279679999,0.7655,3.25,0.5625,3.5,3.0,3.7457,0.3542,0.3558,0.7066,0.7233
367,A cheerful salamander mountaineer with a knitted scarf,0.840243,0.476225290546875,0.8895263671875,0.7678,4.0,0.75,3.5,4.5,3.7679,0.4035,0.3986,0.7614,0.7694
368,A flamingo shepherd in a lavender meadow,0.836617,0.458922280621875,0.8892938771394999,0.7616,3.5,0.625,4.0,3.0,3.7024,0.3352,0.3375,0.6673,0.6873
369,A owl clockmaker in a sunflower field,0.829658,0.434329247933875,0.8541079365968749,0.7489,4.0,0.75,3.5,4.5,3.5595,0.1626,0.157,0.3612,0.3863
370,A walrus meteorologist dancing in the rain,0.846249,0.455524701894875,0.877441859096875,0.767,3.25,0.5625,3.5,3.0,3.7618,0.3508,0.3526,0.6932,0.7109
371,A tiny donkey holding an old brass compass in a cozy library,0.843252,0.4795926432595,0.8684261410355,0.7692,4.0,0.75,4.5,3.5,3.7834,0.3682,0.3644,0.7189,0.7306
372,A cheerful rhino lighthouse keeper with a tiny umbrella,0.838594,0.442717463582,0.873703129248875,0.7585,3.75,0.6875,4.5,3.0,3.6674,0.2758,0.2773,0.5798,0.6041
373,"A newt building a birdhouse under a starry sky, in gentle morning ligh",0.840394,0.41540800259550004,0.869819859358875,0.7538,2.75,0.4375,3.5,2.0,3.6247,0.2342,0.2364,0.5078,0.5408
374,A koala and a tiger exploring a cave,0.841818,0.4402290259355,0.8570280245680001,0.7591,4.5,0.875,4.0,5.0,3.6684,0.2334,0.2288,0.5036,0.5252
375,A rhino barista in an autumn park,0.82673,0.464376691809875,0.859474409868875,0.7535,3.25,0.5625,4.5,2.0,3.6146,0.2106,0.2124,0.4626,0.4948
376,A alpaca conducting an orchestra on a rooftop at night,0.836107,0.461764003363875,0.8484394828488749,0.7589,3.75,0.6875,4.5,3.0,3.6713,0.2113,0.2135,0.4613,0.4942
377,A donkey cartographer on a foggy harbor,0.833836,0.46209870019199994,0.8749243084875,0.7592,2.75,0.4375,2.5,3.0,3.6782,0.2863,0.2895,0.6066,0.6291
378,A cheerful mole gardener with a cup of hot cocoa,0.828326,0.432773127902,0.8441614687500001,0.7469,4.75,0.9375,4.5,5.0,3.5265,0.1228,0.1132,0.2646,0.2804
379,A snail forging a silver key on a wooden bridge,0.828843,0.451619019974875,0.865222220369875,0.7527,2.75,0.4375,2.5,3.0,3.6085,0.2157,0.2178,0.4758,0.5065
380,"A salamander sailing a paper boat in a misty valley, in warm golden li",0.848112,0.4661937495995,0.8803551293498749,0.7707,4.75,0.9375,4.5,5.0,3.7973,0.3948,0.3905,0.7537,0.7628
381,A flamingo and a pony watering a rooftop garden,0.85389,0.45262258,0.8972472211120001,0.7733,3.5,0.625,3.5,3.5,3.8322,0.422,0.43,0.7818,0.8017
382,"A koala racing a paper airplane, in soft pastel colors",0.847605,0.45512161198887496,0.873114202998875,0.7676,2.5,0.375,2.5,2.5,3.7718,0.344,0.3475,0.6826,0.7011
383,A lamb alchemist flying a hot air balloon,0.822751,0.44311827827199995,0.8556378232538749,0.7459,3.0,0.5,3.5,2.5,3.5348,0.1484,0.151,0.3254,0.3682
384,"A turtle flying a kite in a storm, in a whimsical cartoon style",0.831907,0.44031273375950003,0.843909449422,0.7511,3.75,0.6875,4.5,3.0,3.5846,0.1427,0.1453,0.3175,0.3612
385,A tiny crow holding a stack of books in a lavender meadow,0.852695,0.4556091936395,0.902931680078,0.7734,3.5,0.625,4.0,3.0,3.8346,0.4268,0.4379,0.7891,0.812
386,"A koala balancing on a tightrope, in a vintage storybook style",0.840842,0.480300599032,0.873039233103875,0.7679,3.75,0.6875,4.5,3.0,3.7705,0.3698,0.3715,0.7261,0.7419
387,A cheerful dragonfly meteorologist with a ball of yarn,0.833385,0.463808432339875,0.850149697408,0.7575,3.5,0.625,3.0,4.0,3.6573,0.2101,0.2121,0.458,0.4907
388,A cheerful dragonfly skier with a pocket watch,0.836678,0.4643343941955,0.8732613166795,0.7616,3.5,0.625,4.5,2.5,3.7019,0.3034,0.3049,0.632,0.6531
389,A hummingbird and a alpaca juggling glowing orbs,0.843569,0.4790353805195,0.8810635451218749,0.7702,3.0,0.5,3.0,3.0,3.7984,0.4074,0.4093,0.7739,0.7869
390,A cheerful penguin cobbler with a bunch of balloons,0.836902,0.43635889167799996,0.8719292836995,0.7558,3.75,0.6875,4.5,3.0,3.638,0.2526,0.2542,0.5397,0.5665
391,A tiny crab holding a ball of yarn on a rainy street,0.84118,0.492258715678,0.85040138995,0.7691,4.25,0.8125,4.5,4.0,3.7783,0.3207,0.3119,0.6396,0.6487
392,A chameleon and a koala climbing a snowy peak,0.849598,0.46541171628800004,0.8755893098875,0.7713,4.0,0.75,4.5,3.5,3.8065,0.3861,0.3814,0.7419,0.7512
393,A cheerful camel astronaut with a steaming teacup,0.83418,0.46952337206199996,0.877421831518,0.7612,4.25,0.8125,4.0,4.5,3.6949,0.3113,0.3077,0.6469,0.6627
394,A lobster and a koala feeding pigeons in a plaza,0.849884,0.466449617262,0.865382161104875,0.771,3.5,0.625,4.5,2.5,3.8061,0.3565,0.359,0.697,0.7154
395,A spider sketching in a cafe in a desert at noon,0.843726,0.46454670543800003,0.8805975162155,0.7673,3.5,0.625,4.0,3.0,3.7639,0.3668,0.3685,0.7182,0.7343
396,"A wombat photographing the moon in a coral reef, watercolor style",0.83461,0.49174880590387493,0.876165162128875,0.7661,3.75,0.6875,4.5,3.0,3.75,0.3766,0.3791,0.7365,0.7526
397,A cheerful firefly skier with a bouquet of wildflowers,0.839966,0.41102512971487504,0.88621320355,0.7538,3.25,0.5625,4.5,2.0,3.6203,0.2639,0.27,0.5592,0.5918
398,A ant and a dolphin racing a paper airplane,0.822171,0.472651067694875,0.866724036154875,0.7524,3.25,0.5625,3.5,3.0,3.6046,0.2195,0.2228,0.4884,0.5217
399,"A raccoon folding origami cranes, in soft pastel colors",0.849153,0.456337608721875,0.8319155228875,0.766,3.75,0.6875,3.5,4.0,3.7491,0.1648,0.1741,0.3878,0.4411
400,A llama and a chameleon feeding pigeons in a plaza,0.847524,0.4432990312195,0.852453821174875,0.7636,3.5,0.625,4.0,3.0,3.7254,0.2416,0.2438,0.5204,0.5494
401,"A otter stargazing on a rooftop, in a vintage storybook style",0.816204,0.5064475704198751,0.8643888358788749,0.755,4.25,0.8125,4.0,4.5,3.6155,0.2634,0.226,0.5538,0.5198
402,A cheerful salamander drummer with a pocket watch,0.840466,0.415913135218875,0.8768999363875,0.7545,3.25,0.5625,3.5,3.0,3.6271,0.2541,0.2583,0.5415,0.5724
403,"A mole writing a letter, in warm golden light",0.83613,0.432923251943875,0.856869157838,0.7535,4.0,0.75,4.5,3.5,3.6101,0.1975,0.1924,0.4364,0.4598
404,"A zebra watering a rooftop garden on a floating island, in a cozy hand",0.84247,0.479178639471875,0.871153113208875,0.7687,3.5,0.625,4.0,3.0,3.7801,0.3707,0.3724,0.7252,0.7409
405,A hummingbird skier on a floating island,0.834043,0.4680407893875,0.8701145182995,0.7603,3.25,0.5625,3.5,3.0,3.6879,0.2876,0.289,0.6074,0.63
406,A pony flying a kite in a storm in a coral reef,0.83987,0.486534570558,0.868638412584875,0.7682,3.75,0.6875,4.5,3.0,3.7737,0.3705,0.3725,0.7229,0.7392
407,"A lobster dancing in the rain at a countryside fair, in a cozy hand-dr",0.83473,0.5067787703838751,0.9041967914995,0.7713,4.25,0.8125,4.0,4.5,3.7963,0.4939,0.4699,0.8679,0.8471
408,"A pony sailing a paper boat, in a cozy hand-drawn style",0.845177,0.4275771181195,0.878082547346875,0.7604,4.0,0.75,3.0,5.0,3.6862,0.296,0.2886,0.6078,0.6203
409,"A lamb climbing a snowy peak, with bold vivid colors",0.836829,0.459694554872,0.8896498431395,0.7619,3.75,0.6875,3.5,4.0,3.7046,0.3391,0.3414,0.6726,0.6923
410,"A bumblebee building a birdhouse, in soft pastel colors",0.858214,0.41861408299549996,0.893286241783875,0.769,3.5,0.625,4.0,3.0,3.7875,0.3582,0.3718,0.7071,0.7389
411,A tiny ladybug holding a slice of cake in a lantern-lit alley,0.845677,0.49171664212887495,0.875925995848875,0.774,4.75,0.9375,4.5,5.0,3.8316,0.4472,0.4425,0.8231,0.8278
412,A platypus and a salamander sailing a paper boat,0.844575,0.42531553455800003,0.875515577363875,0.7593,3.75,0.6875,4.5,3.0,3.6759,0.2829,0.2856,0.5877,0.6132
413,"A iguana writing a letter in a cozy library, in a dreamy haze",0.838469,0.48046227206987496,0.8859985679019999,0.7672,3.5,0.625,4.0,3.0,3.7637,0.395,0.3972,0.7553,0.7697
414,A tiny duck holding a bouquet of wildflowers on a floating island,0.852798,0.451151579746875,0.877274421619875,0.7708,3.75,0.6875,4.0,3.5,3.8018,0.3725,0.3763,0.7197,0.7384
415,A cheerful goose baker with a tiny umbrella,0.838149,0.41942046897487506,0.856626653118875,0.7521,3.75,0.6875,4.5,3.0,3.5961,0.1871,0.19,0.4193,0.4564
416,"A koala fishing off a wooden pier, in soft pastel colors",0.849875,0.46952751384799996,0.870476600459875,0.772,3.25,0.5625,3.5,3.0,3.8182,0.3822,0.3847,0.7353,0.7515
417,A piglet coach in a moonlit garden,0.82498,0.44141456195,0.850681227246875,0.7468,3.75,0.6875,3.0,4.5,3.5377,0.1409,0.1431,0.3076,0.3508
418,"A bumblebee solving a crossword, in a whimsical cartoon style",0.839684,0.4362533446795,0.8911226504288751,0.7592,4.0,0.75,4.5,3.5,3.6727,0.3106,0.3043,0.6272,0.6404
419,"A duck picking apples in autumn, in a cozy hand-drawn style",0.832825,0.45351349573550004,0.8791483915795,0.757,3.0,0.5,3.0,3.0,3.6539,0.2755,0.2769,0.5853,0.6092
420,"A elephant painting a mural, with bold vivid colors",0.832283,0.456757922288875,0.877951164078,0.7572,3.25,0.5625,3.5,3.0,3.655,0.2749,0.2763,0.5865,0.6103
421,A turtle and a elephant napping in a hammock,0.831771,0.464109346222,0.8619627089195,0.7572,4.5,0.875,4.0,5.0,3.6507,0.2446,0.2409,0.5268,0.5487
422,A tiny camel holding a wooden music box in a coral reef,0.849743,0.42887089967549996,0.9040660129548749,0.7658,4.25,0.8125,4.5,4.0,3.7402,0.351,0.3293,0.6941,0.6834
423,A chinchilla firefighter harvesting wildflowers,0.834491,0.473484006473875,0.8638034483438749,0.7613,3.5,0.625,4.0,3.0,3.6984,0.2861,0.2876,0.5976,0.6208
424,A bat diver conducting an orchestra,0.823644,0.34382768022187504,0.8715114154875,0.727,3.5,0.625,4.5,2.5,3.3137,0.1166,0.2226,0.2912,0.5586
425,A cheerful wombat beekeeper with a knitted scarf,0.841719,0.43950207815487496,0.875206885368,0.7602,3.5,0.625,4.0,3.0,3.6868,0.2909,0.2926,0.602,0.6251
426,"A chameleon carving a wooden spoon on a rooftop at night, in a whimsic",0.84081,0.478028456702,0.8703649346875,0.7672,3.75,0.6875,4.0,3.5,3.763,0.3549,0.3566,0.7039,0.7209
427,A ant blacksmith dancing in the rain,0.835335,0.5115040734555001,0.84507962,0.7685,4.0,0.75,4.5,3.5,3.7731,0.3182,0.2979,0.6391,0.6321
428,A whale referee in a candlelit cafe,0.83683,0.39638777897550004,0.855718277923875,0.7463,3.0,0.5,4.5,1.5,3.5446,0.1552,0.165,0.3597,0.4164
429,A gecko baking sourdough in a sunflower field,0.845543,0.46111534719200004,0.8526705277755,0.7659,3.75,0.6875,4.5,3.0,3.7478,0.2708,0.2729,0.5656,0.5916
430,A cat sipping tea in a garden in an autumn park,0.832539,0.441384414622,0.883240261189875,0.7546,3.75,0.6875,3.0,4.5,3.6236,0.2642,0.2658,0.5596,0.5853
431,"A rhino sailing a paper boat, photorealistic",0.820068,0.42437251000799997,0.857744871808,0.7402,3.25,0.5625,2.5,4.0,3.4708,0.1233,0.1272,0.2606,0.3118
432,A cheerful lamb barista with a cup of hot cocoa,0.834864,0.455587401793875,0.8602076114198749,0.7576,3.5,0.625,4.5,2.5,3.6576,0.2393,0.2406,0.5146,0.5427
433,A tiger conductor in a candlelit cafe,0.827588,0.471947532598875,0.828849745472,0.7535,3.5,0.625,4.0,3.0,3.6147,0.1091,0.1178,0.2335,0.3019
434,A bear gardener writing a letter,0.821857,0.478027001678,0.8422697827755,0.7516,4.25,0.8125,4.5,4.0,3.5836,0.1492,0.1318,0.3295,0.3262
435,A fox knight flying a kite in a storm,0.840613,0.499288626838875,0.885862895868875,0.7726,3.25,0.5625,4.0,2.5,3.827,0.476,0.4803,0.8544,0.8656
436,A narwhal and a walrus painting a mural,0.846141,0.45600781395,0.871376928444875,0.7666,3.5,0.625,4.0,3.0,3.7565,0.3331,0.3349,0.6674,0.6866
437,A tiny dolphin holding a tiny umbrella in a moonlit garden,0.853534,0.48442407355,0.8866129353280001,0.7789,4.0,0.75,4.5,3.5,3.8893,0.4957,0.4872,0.8776,0.8748
438,A cheerful camel fencer with a paper lantern,0.837596,0.420415709342,0.884995292121875,0.754,3.5,0.625,2.5,4.5,3.6188,0.2637,0.2672,0.556,0.5847
439,A frog dancing in the rain in a bustling market,0.84901,0.5049550684288749,0.875758400634875,0.7791,4.25,0.8125,4.5,4.0,3.8895,0.5175,0.5088,0.906,0.9013
440,"A beetle flying a hot air balloon, in a cozy hand-drawn style",0.837274,0.4462264426355,0.878173170208,0.7586,4.75,0.9375,4.5,5.0,3.6652,0.2862,0.2826,0.5979,0.6164
441,"A lemur watering a rooftop garden in a sunflower field, photorealistic",0.835668,0.493721406912,0.8863482350755,0.768,4.5,0.875,4.5,4.5,3.7641,0.423,0.4176,0.7894,0.7953
442,A tiny meerkat holding a steaming teacup under a starry sky,0.847667,0.470985860253875,0.836217341239875,0.7683,4.25,0.8125,4.0,4.5,3.7639,0.2104,0.1845,0.4738,0.4561
443,"A scorpion blowing glass ornaments in a neon nightclub, in soft pastel",0.856091,0.4462696451795,0.8899652392195,0.773,3.0,0.5,3.5,2.5,3.8347,0.4056,0.4134,0.7617,0.7825
444,A cheerful bumblebee dj with a paper lantern,0.831164,0.457559593408875,0.8741370527238751,0.7563,3.5,0.625,3.5,3.5,3.6439,0.2601,0.2615,0.5628,0.5881
445,A narwhal pilot forging a silver key,0.84019,0.46991381439200003,0.853792174678875,0.7639,3.5,0.625,4.5,2.5,3.7279,0.2718,0.2737,0.5658,0.5914
446,A spider alchemist under a starry sky,0.827789,0.46070710503987505,0.8583100040755001,0.7534,4.25,0.8125,4.5,4.0,3.6083,0.2061,0.2009,0.4528,0.4755
447,"A duck rowing across a misty lake on a train platform, in soft pastel ",0.854905,0.46997466648749997,0.887034554798,0.7769,3.25,0.5625,3.5,3.0,3.8737,0.4572,0.4633,0.8288,0.8436
448,A penguin and a salamander mixing a bubbling potion,0.842934,0.4996129956795,0.8510397765488751,0.7719,4.0,0.75,4.5,3.5,3.8117,0.3571,0.3471,0.6914,0.6966
449,A bear referee beside a waterfall,0.825485,0.4823247969875,0.8547260625298749,0.756,3.25,0.5625,4.0,2.5,3.6432,0.2256,0.2283,0.4865,0.5184
450,A bear potter in a snowy village,0.827359,0.4690465338795,0.888924276413875,0.757,3.5,0.625,2.5,4.5,3.653,0.2984,0.301,0.6163,0.6399
451,A hare ranger in a neon nightclub,0.835575,0.4927618152755,0.8616028088738751,0.7659,3.5,0.625,4.0,3.0,3.7499,0.3414,0.344,0.6741,0.6941
452,A turtle and a hummingbird flying a kite in a storm,0.84609,0.437808371008,0.884413475049875,0.7637,3.5,0.625,4.5,2.5,3.7251,0.3333,0.3355,0.6625,0.6826
453,A walrus and a otter meditating under a waterfall,0.846544,0.4877560477595,0.8957617244080001,0.7752,4.0,0.75,4.5,3.5,3.8486,0.491,0.4824,0.8666,0.8643
454,A goat and a wombat picking apples in autumn,0.853844,0.47023867739550007,0.887201724472,0.7762,3.5,0.625,4.0,3.0,3.8637,0.4537,0.4589,0.8244,0.8384
455,A cheerful hummingbird lighthouse keeper with a tiny umbrella,0.840964,0.4518619598,0.876894753596875,0.7624,3.75,0.6875,4.5,3.0,3.7095,0.3132,0.3147,0.6403,0.6609
456,A kangaroo painting a mural in a sunflower field,0.850361,0.492952371072,0.869313715764875,0.7772,4.25,0.8125,4.5,4.0,3.868,0.4557,0.4497,0.8287,0.8315
457,A otter ranger knitting a scarf,0.831173,0.456095612054875,0.887043980971875,0.7569,3.75,0.6875,4.5,3.0,3.6494,0.2903,0.2922,0.6033,0.6268
458,A alpaca sailor in a desert at noon,0.821782,0.421521138004875,0.894278670973875,0.7435,4.0,0.75,4.5,3.5,3.491,0.1916,0.1738,0.4254,0.4236
459,"A mantis harvesting wildflowers in a snowy village, watercolor style",0.848713,0.470997652939875,0.8933190652479999,0.7731,3.75,0.6875,3.5,4.0,3.8275,0.4445,0.4486,0.8095,0.8229
460,A lobster alchemist watering a rooftop garden,0.827895,0.425193108878,0.862933096779875,0.7464,3.5,0.625,4.5,2.5,3.5355,0.1706,0.1727,0.3795,0.4178
461,A pony professor at a mountain lake at sunrise,0.82716,0.44621181639550006,0.8817948694875,0.7516,2.75,0.4375,4.0,1.5,3.5995,0.2374,0.2405,0.517,0.5458
462,A rhino and a lion exploring a cave,0.841442,0.438961218778875,0.8736966114448749,0.7598,3.75,0.6875,4.0,3.5,3.6812,0.2845,0.2861,0.5917,0.6154
463,A cheerful bear wizard with a stack of books,0.840982,0.4525272399279999,0.8721728398000002,0.7622,4.25,0.8125,3.5,5.0,3.7063,0.3013,0.2978,0.6219,0.6393
464,A cheerful pufferfish potter with a basket of apples,0.840664,0.443545875832,0.879659279902,0.7606,3.5,0.625,3.5,3.5,3.6911,0.3041,0.3057,0.6231,0.6448
465,A tiny llama holding a cup of hot cocoa in a neon nightclub,0.853996,0.466844167004875,0.8508194229718751,0.773,3.75,0.6875,4.5,3.0,3.8273,0.3071,0.3122,0.6251,0.6514
466,"A ant balancing on a tightrope in a coral reef, in warm golden light",0.842558,0.4619205071755,0.8841838601838748,0.7661,3.75,0.6875,4.5,3.0,3.7508,0.3641,0.3659,0.7119,0.7285
467,A beaver and a llama surfing a big wave,0.832626,0.48033113545487505,0.856018859221875,0.7608,3.75,0.6875,3.5,4.0,3.6923,0.2666,0.2684,0.5577,0.5837
468,A tiny chinchilla holding a bunch of balloons in a lavender meadow,0.852123,0.462159744538875,0.891194169971875,0.7736,4.25,0.8125,4.0,4.5,3.8289,0.4318,0.4239,0.7943,0.7969
469,"A dog picking apples in autumn in an autumn park, in a dreamy haze",0.841607,0.48958418526487496,0.8753866439820001,0.7706,3.5,0.625,4.0,3.0,3.8008,0.4126,0.415,0.7816,0.7947
470,A cheerful otter archaeologist with a bowl of ramen,0.842976,0.49302504973987504,0.853985970898875,0.7708,4.0,0.75,4.0,4.0,3.7996,0.3517,0.3448,0.6837,0.6932
471,"A crab gardening on a balcony on a foggy harbor, watercolor style",0.840616,0.48495858782199996,0.851167147084875,0.7672,3.5,0.625,3.5,3.5,3.7643,0.3005,0.3031,0.6095,0.6334
472,A lion writing a letter in a desert at noon,0.843483,0.47357811855949994,0.8826303052098751,0.7691,3.75,0.6875,4.0,3.5,3.7835,0.3954,0.3973,0.7569,0.7709
473,"A fox juggling glowing orbs, in a cozy hand-drawn style",0.841795,0.477578863871875,0.8824790103238751,0.7687,3.75,0.6875,4.5,3.0,3.7792,0.3964,0.3983,0.7595,0.7733
474,A cheerful panda blacksmith with a glowing lantern,0.850605,0.499891120672,0.886018530219875,0.78,3.75,0.6875,4.5,3.0,3.9036,0.536,0.5418,0.9275,0.936
475,A mole potter solving a crossword,0.81303,0.461779827448,0.854978577998,0.7428,3.5,0.625,4.0,3.0,3.4953,0.1265,0.1368,0.2665,0.3329
476,A ant tailor on a train platform,0.830845,0.430800243523875,0.8645446516195,0.7498,4.25,0.8125,4.5,4.0,3.568,0.1952,0.1899,0.4316,0.4549
477,A cheerful bat potter with a bunch of balloons,0.83422,0.425917963328,0.8680461813875001,0.7515,4.25,0.8125,3.5,5.0,3.5862,0.2147,0.2081,0.4701,0.4896
478,A firefly playing a tiny violin in a desert at noon,0.842205,0.415771452138875,0.892833593728,0.7569,4.0,0.75,4.5,3.5,3.6453,0.29,0.2738,0.601,0.6006
479,A tiger and a alpaca feeding pigeons in a plaza,0.840167,0.477851299296875,0.885789634168,0.7678,3.25,0.5625,4.5,2.0,3.7721,0.3972,0.3993,0.7579,0.7721
480,A tiny snail holding an old brass compass in a cozy library,0.838012,0.437398188738875,0.8783204467555,0.7573,4.25,0.8125,4.5,4.0,3.652,0.2766,0.2721,0.5792,0.5974
481,"A pufferfish carving a wooden spoon, with bold vivid colors",0.838458,0.455890875094875,0.8899478844955001,0.7623,3.5,0.625,4.5,2.5,3.7104,0.341,0.3434,0.674,0.6937
482,A jellyfish watering a rooftop garden in a snowy village,0.848306,0.499911729878875,0.8753110665794999,0.7776,3.25,0.5625,3.5,3.0,3.8808,0.4919,0.4965,0.8756,0.8858
483,A cheerful toucan fencer with a knitted scarf,0.833653,0.449796507518,0.8596546934079999,0.7554,3.25,0.5625,3.5,3.0,3.6355,0.2213,0.2227,0.4816,0.5116
484,A cheerful crow violinist with a tiny umbrella,0.831664,0.45862035338749996,0.878546658382,0.7572,4.25,0.8125,4.5,4.0,3.6504,0.2761,0.2724,0.5893,0.6078
485,A camel balancing on a tightrope on a cliff overlooking the sea,0.851734,0.45163575819999996,0.857319872464875,0.7687,3.5,0.625,4.0,3.0,3.782,0.296,0.2992,0.6073,0.6321
486,A cheerful sloth firefighter with a vintage camera,0.829746,0.4413971887155,0.8881070047980001,0.7529,3.5,0.625,4.5,2.5,3.6073,0.2581,0.2602,0.5468,0.574
487,A penguin and a beetle mixing a bubbling potion,0.833258,0.482848256369875,0.870487641524875,0.7628,3.75,0.6875,4.0,3.5,3.7145,0.3222,0.3239,0.6603,0.6801
488,A tiny ferret holding a stack of books in a greenhouse,0.848413,0.47352294595,0.8640681422000001,0.7713,4.75,0.9375,4.5,5.0,3.8016,0.3637,0.3593,0.7066,0.7183
489,"A mole racing a paper airplane, photorealistic",0.825775,0.438508046278875,0.876942768948875,0.7486,3.0,0.5,3.0,3.0,3.5649,0.2088,0.2109,0.4625,0.4952
490,A crow playing a tiny violin under a starry sky,0.852054,0.45862818517949994,0.8974487298380001,0.7732,4.5,0.875,4.5,4.5,3.8222,0.4304,0.4188,0.7915,0.7896
491,A cheerful fox potter with a paper airplane,0.832006,0.455139207519875,0.8511082131155,0.7548,4.0,0.75,4.5,3.5,3.6243,0.1921,0.1864,0.423,0.4459
492,A wombat and a beetle playing a tiny violin,0.846498,0.44248310735799995,0.8944002796498749,0.7656,3.5,0.625,4.5,2.5,3.7473,0.3624,0.3664,0.7011,0.721
493,A penguin climbing a snowy peak in a misty valley,0.85035,0.450986493264875,0.884870380528875,0.7695,4.25,0.8125,3.5,5.0,3.7849,0.3818,0.3765,0.7307,0.7399
494,A cheerful salamander carpenter with a cup of hot cocoa,0.831598,0.45108526238749996,0.851717217438,0.7537,3.5,0.625,4.0,3.0,3.6152,0.186,0.1877,0.4108,0.4459
495,A platypus surfing a big wave in a lantern-lit alley,0.848744,0.4784286620795,0.8564309687195,0.772,3.5,0.625,3.5,3.5,3.8184,0.347,0.3496,0.6792,0.6987
496,A camel blowing glass ornaments on a train platform,0.828852,0.467470788793875,0.865009647838,0.756,2.5,0.375,2.5,2.5,3.6457,0.2432,0.2461,0.5291,0.5566
497,A platypus and a beetle gardening on a balcony,0.842386,0.4658111202955001,0.871321669349875,0.7659,3.75,0.6875,4.5,3.0,3.7482,0.3347,0.3363,0.6741,0.6927
498,"A platypus forging a silver key, in gentle morning light",0.852491,0.43207578264887503,0.8961410221355001,0.7679,3.25,0.5625,4.0,2.5,3.7763,0.3677,0.3746,0.7129,0.7358
499,A meerkat drummer in an enchanted forest,0.829062,0.48134722656387496,0.874278653284875,0.7598,4.75,0.9375,4.5,5.0,3.674,0.3007,0.2957,0.6321,0.6466
500,A tiny dog holding a stack of books on a floating island,0.849081,0.46313568986487497,0.865818165189875,0.7698,3.5,0.625,3.5,3.5,3.7923,0.3459,0.3481,0.6824,0.7014
