prompt_id,prompt,q_text,q_image,q_audio,q_combined,nb_p_good,lr_gr
1,A fox exploring a cave in a snowy village,0.839816,0.472127287863875,0.862416035808875,0.653,0.9869,0.5244
2,A flamingo blacksmith exploring a cave,0.836263,0.436093930382,0.8819092736755,0.637,0.965,0.6719
3,A mantis sailing a paper boat on a wooden bridge,0.841654,0.449645108671875,0.8611945812955,0.6416,0.9857,0.507
4,"A panda brewing coffee at dawn in a neon nightclub, photorealistic",0.830942,0.499144255662,0.8538280439979999,0.6628,0.948,0.4016
5,A chameleon archer brewing coffee at dawn,0.844609,0.506517395344875,0.8686621640995,0.6734,0.9959,0.6273
6,A mantis carpenter chasing fireflies,0.825673,0.4354886583875,0.841404361769875,0.6258,0.6383,0.205
7,A cheerful butterfly professor with a paper lantern,0.82542,0.47824559735550004,0.8738730339795,0.6542,0.8277,0.5443
8,"A hippo skateboarding down a hill, in warm golden light",0.84751,0.472967199023875,0.8831311044198751,0.6596,0.9963,0.767
9,"A toucan reading under an umbrella, in a dreamy haze",0.838554,0.442526029678,0.8500471954638751,0.6348,0.9704,0.3786
10,A sloth solving a crossword at a mountain lake at sunrise,0.836536,0.511506827192,0.873699560718,0.6747,0.9874,0.6368
11,A lamb and a ant dancing in the rain,0.826722,0.47813554881487497,0.8480405231848751,0.6496,0.8329,0.3047
12,A kangaroo dj at a mountain lake at sunrise,0.832503,0.512613935546875,0.864534303746875,0.6723,0.9704,0.5213
13,"A llama reading tarot cards in a sunflower field, in a cozy hand-drawn",0.855959,0.474207091838,0.8957225289520001,0.6651,0.9984,0.925
14,A firefly and a goose building a birdhouse,0.824757,0.44729738104800004,0.894117696073875,0.6419,0.7548,0.7246
15,A otter rowing across a misty lake under a starry sky,0.840308,0.492078033671875,0.8701643558195,0.665,0.9914,0.6142
16,A tiny llama holding a wooden music box in a cherry blossom park,0.853549,0.44165895044887504,0.888292080546875,0.6461,0.9966,0.8189
17,A wolf sipping tea in a garden in an autumn park,0.840809,0.4836418589555,0.879656072398,0.6626,0.992,0.7071
18,A cat and a bat meditating under a waterfall,0.842015,0.476092017971875,0.882892102392,0.6596,0.9928,0.7417
19,A seahorse botanist ice skating at night,0.826807,0.443979875518,0.878310819121875,0.6377,0.8043,0.5765
20,A ant gardening on a balcony on a quiet beach at dusk,0.827927,0.40255510083199997,0.874171499908875,0.6157,0.6856,0.5073
21,A cat perfumer solving a crossword,0.821497,0.47923055942200005,0.842480335498875,0.6476,0.549,0.2105
22,A tiny ladybug holding a wooden music box on a train platform,0.854073,0.40029211444887497,0.8806601802195001,0.6232,0.9915,0.7058
23,A raccoon and a peacock painting a mural,0.832437,0.463107972788875,0.871709414814875,0.648,0.9495,0.5651
24,A lion and a seahorse repairing a pocket watch,0.841213,0.458584715173875,0.850736286796875,0.6441,0.9852,0.4112
25,A dragonfly coach building a birdhouse,0.838129,0.445436433834875,0.844145614302,0.6351,0.9678,0.3232
26,A toucan and a pufferfish planting a bonsai tree,0.842935,0.456241323249875,0.872795182753875,0.6476,0.9905,0.6319
27,A cheerful narwhal fisherman with a tiny umbrella,0.844799,0.444715293769875,0.8850208655920001,0.6445,0.9921,0.7553
28,A ladybug dj dancing in the rain,0.829717,0.479712245022,0.8799284861688751,0.6574,0.9357,0.6386
29,"A moth planting a bonsai tree in a candlelit cafe, photorealistic",0.837127,0.5233834505995,0.862450525924875,0.6789,0.9884,0.5342
30,"A iguana tending a beehive, in soft pastel colors",0.847538,0.464267971118,0.8951570443098751,0.6574,0.9963,0.8855
31,A lemur tailor in a lantern-lit alley,0.831761,0.524640396542,0.8402973749195,0.6737,0.9596,0.291
32,"A hippo sketching in a cafe, in soft pastel colors",0.838866,0.43996413368799997,0.886084380721875,0.6406,0.9799,0.7326
33,"A wolf sketching in a cafe in an autumn park, in gentle morning light",0.842844,0.5170983676218749,0.8982154989874999,0.6841,0.9966,0.9241
34,A tiny beetle holding a paper lantern on a train platform,0.851581,0.45276178754999996,0.894496076718,0.6525,0.9969,0.8854
35,A newt reading under an umbrella in a snowy village,0.836136,0.49239885027987496,0.8614094914880001,0.6623,0.9811,0.505
36,A lemur and a hamster forging a silver key,0.840483,0.519782398558,0.840215847074875,0.6737,0.9912,0.3414
37,"A kangaroo reading a giant book, in warm golden light",0.848338,0.45775837134387504,0.8960473267468749,0.6544,0.9962,0.8935
38,"A chameleon flying a kite in a storm, in warm golden light",0.844606,0.4393824552138749,0.8731739776995,0.6394,0.9899,0.6309
39,A axolotl potter reading under an umbrella,0.810928,0.4867648371875001,0.8301219958080001,0.6461,0.0416,0.0
40,"A mantis watering a rooftop garden, in gentle morning light",0.852523,0.43906210022487496,0.8674747730754999,0.6404,0.9952,0.6046
41,A bumblebee knight beside a waterfall,0.838779,0.440800045112,0.872432584222,0.6383,0.9768,0.5951
42,A lemur potter on a cliff overlooking the sea,0.852762,0.460441810438875,0.8553404874955,0.6493,0.9963,0.5036
43,A tiny turtle holding a steaming teacup under a starry sky,0.844622,0.427376542272,0.8885914148538749,0.6361,0.9891,0.7771
44,A llama flying a hot air balloon beside a waterfall,0.830771,0.4736745518755,0.842594507448,0.6474,0.9179,0.2813
45,A newt watering a rooftop garden in an enchanted forest,0.830322,0.4332712744595,0.872617074413875,0.632,0.8773,0.5372
46,"A dolphin reading tarot cards, in a whimsical cartoon style",0.843858,0.45922436097549996,0.8666024818468749,0.6482,0.9915,0.5772
47,A tiny salamander holding a pocket watch on a rooftop at night,0.84766,0.457402116168875,0.863666089029875,0.6478,0.9943,0.5637
48,A mantis meteorologist flying a hot air balloon,0.841626,0.4604078799875,0.882488482798,0.6513,0.9904,0.7256
49,A chinchilla shepherd rowing across a misty lake,0.844724,0.48332103155,0.880212436928,0.6636,0.9954,0.7316
50,A elephant and a gecko folding origami cranes,0.838902,0.42696547448799993,0.891998577421875,0.6349,0.9758,0.783
51,A snail chasing fireflies in a neon nightclub,0.833726,0.46109823595,0.8710290256048749,0.6472,0.9591,0.5655
52,A frog and a butterfly reading tarot cards,0.825112,0.446550685728,0.8492197330594999,0.6329,0.6727,0.2819
53,A butterfly baker reading a giant book,0.827966,0.4119591813875,0.8729041391819999,0.6203,0.7289,0.504
54,A hummingbird planting tulips under a starry sky,0.846403,0.498411913168875,0.8784459293754999,0.6716,0.9968,0.7289
55,A panda skateboarding down a hill in a neon nightclub,0.847294,0.44845944875,0.8681491453468749,0.6439,0.9934,0.5997
56,A crab mountaineer tending a beehive,0.820896,0.438108762899875,0.8716528256595,0.6316,0.4219,0.4565
57,A mantis blacksmith flying a hot air balloon,0.836368,0.4531320853395,0.861321332448,0.6419,0.9684,0.4815
58,A cheerful snail ranger with a small telescope,0.832373,0.44101962975200004,0.871997171596875,0.6365,0.9273,0.5515
59,A hippo and a zebra blowing glass ornaments,0.838051,0.420636661088,0.876985980573875,0.6285,0.9634,0.6196
60,A badger detective in a misty valley,0.833177,0.49816607398749996,0.868913144952,0.6659,0.9714,0.5624
61,A beaver and a snail knitting a scarf,0.836529,0.457749106996875,0.864684189182,0.645,0.9725,0.5184
62,A newt jeweler playing a tiny violin,0.836933,0.39638180695799996,0.864689235349875,0.6132,0.9164,0.4682
63,"A duck sipping tea in a garden in an autumn park, photorealistic",0.829883,0.47841923994887503,0.864446014578875,0.6538,0.9263,0.4854
64,A elephant reading tarot cards at a mountain lake at sunrise,0.834728,0.4773004987499999,0.8865699964195,0.6589,0.9772,0.7387
65,A mantis teacher in a cozy library,0.832597,0.457916212371875,0.8512994051755001,0.6414,0.9345,0.365
66,A turtle riding a unicycle on a rooftop at night,0.840537,0.440560184832,0.876860580324875,0.6396,0.9832,0.6487
67,A cheerful whale clockmaker with a slice of cake,0.831414,0.486504056096875,0.8613799503995,0.6578,0.9497,0.471
68,A dog weaver in a cozy library,0.81965,0.47470325711950007,0.858781112333875,0.6478,0.4488,0.3453
69,"A jellyfish blowing glass ornaments in a sunflower field, with bold vi",0.831818,0.470003494729875,0.860186063662,0.6491,0.9418,0.4526
70,A cheerful axolotl beekeeper with a knitted scarf,0.833656,0.461334151083875,0.853830741198,0.6439,0.9506,0.3983
71,A raccoon acrobat exploring a cave,0.838425,0.4814917528595,0.850652918671875,0.6552,0.9836,0.4097
72,A alpaca detective on a rainy street,0.822656,0.463710990693875,0.847597268099875,0.6408,0.5854,0.2585
73,A cheerful chameleon judge with a basket of apples,0.827441,0.4867278964848751,0.871999808248,0.6589,0.8964,0.5463
74,"A raccoon racing a paper airplane, in soft pastel colors",0.852452,0.434927608721875,0.8566233991179999,0.6361,0.9941,0.4958
75,"A penguin sketching in a cafe, in soft pastel colors",0.836562,0.4539483201795,0.885389213738875,0.647,0.9765,0.7227
76,A lion violinist conducting an orchestra,0.822194,0.46760862684687504,0.8683993267468749,0.6467,0.6249,0.4569
77,A moth archer painting a mural,0.829729,0.42044309315199996,0.8665456112620001,0.624,0.819,0.4621
78,A giraffe rowing across a misty lake on a wooden bridge,0.856508,0.479779103534875,0.890408296899875,0.6672,0.9985,0.8744
79,A jellyfish and a robin rowing across a misty lake,0.838713,0.44280726549887495,0.873434841089875,0.6395,0.9777,0.6063
80,A turtle and a jellyfish planting a bonsai tree,0.84856,0.465494893982,0.8848305291195,0.6564,0.9963,0.7837
81,"A ferret blowing glass ornaments, in a dreamy haze",0.842044,0.46197865526199994,0.8654199247355,0.6489,0.9894,0.5587
82,A squirrel blowing glass ornaments in a lavender meadow,0.827302,0.46857094826887496,0.87296287795,0.6496,0.868,0.5441
83,A koala mixing a bubbling potion in a bustling market,0.855421,0.500401551523875,0.8994780400619999,0.6793,0.9989,0.9771
84,A tiny platypus holding a bowl of ramen on a cliff overlooking the sea,0.84967,0.47512145806200007,0.865741926858875,0.658,0.9965,0.6031
85,A snail writing a letter in a sunflower field,0.841712,0.40626035545387496,0.8593882563995,0.6187,0.966,0.4529
86,"A elephant mixing a bubbling potion, in warm golden light",0.842565,0.45981369388750004,0.898043079168,0.6542,0.9927,0.8906
87,A beetle sailor in a cluttered workshop,0.827928,0.473041295398875,0.87568021195,0.6526,0.8935,0.5787
88,A walrus dancing in the rain at a mountain lake at sunrise,0.841971,0.5017264545968749,0.8954496308398749,0.6754,0.9954,0.8844
89,A beetle juggling glowing orbs in a snowy village,0.839808,0.521342335718875,0.876544789794875,0.6813,0.9935,0.6876
90,A tiny ant holding a bouquet of wildflowers in a greenhouse,0.855671,0.38384716219549997,0.8940296500848751,0.6177,0.99,0.8301
91,A robin and a jellyfish racing a paper airplane,0.844906,0.469311624622,0.883138356599875,0.657,0.9947,0.7537
92,A cheerful octopus barber with a steaming teacup,0.840415,0.449121741096875,0.852835974296875,0.6393,0.9809,0.4201
93,A hippo sipping tea in a garden on a rainy street,0.834352,0.471460263552,0.8537812808874999,0.6494,0.9626,0.4089
94,A pony beekeeper in an enchanted forest,0.828927,0.43450488203950005,0.874252688634875,0.6326,0.8448,0.5444
95,A tiny cat holding a bunch of balloons in a coral reef,0.840169,0.4711558955499999,0.861539344589875,0.6524,0.9873,0.5172
96,"A ladybug reading a giant book at a mountain lake at sunrise, in soft ",0.843622,0.4823532879875,0.881444073263875,0.6631,0.9947,0.7384
97,"A mantis painting a mural, in a dreamy haze",0.836812,0.42782932049549993,0.882956483779875,0.633,0.9632,0.6789
98,"A rhino playing a tiny violin, watercolor style",0.846751,0.45374513580000003,0.8712309347980001,0.6471,0.9938,0.6317
99,A tiny mole holding a steaming teacup on a cliff overlooking the sea,0.84708,0.480848299582,0.827621824463875,0.6529,0.9935,0.2401
100,A robin and a snail rowing across a misty lake,0.852637,0.47469797184687507,0.8521775940788751,0.656,0.9969,0.4822
101,A hare watering a rooftop garden in a coral reef,0.845399,0.46501921631487503,0.872341772663875,0.6528,0.994,0.6447
102,"A scorpion exploring a cave in an enchanted forest, photorealistic",0.835959,0.5101635094968751,0.843556243008,0.668,0.9803,0.3429
103,"A goat tuning a grand piano, watercolor style",0.843675,0.4701886608,0.8707040016795,0.6547,0.993,0.6239
104,"A pony tuning a grand piano, photorealistic",0.818577,0.46135189359387496,0.839781618343875,0.6369,0.2818,0.1483
105,A tiny cat holding an old brass compass in a misty valley,0.841824,0.462921915262,0.8543888901138751,0.6472,0.9879,0.4519
106,A dolphin baker in a bustling market,0.836725,0.42454404684687497,0.8547041530468751,0.6259,0.9467,0.3974
107,A cheerful lamb sailor with a wooden music box,0.828808,0.449300830693875,0.850085850302,0.6356,0.842,0.3207
108,A fox mountaineer knitting a scarf,0.843996,0.477184093754875,0.886253370118875,0.6614,0.9948,0.7862
109,"A pony sipping tea in a garden in a cherry blossom park, in soft paste",0.846748,0.45625306057949994,0.8878584790755,0.6516,0.995,0.8012
110,A tiny lamb holding a basket of apples in a misty valley,0.852209,0.450980892884875,0.8924657783875,0.6513,0.9969,0.865
111,A fox and a lemur dancing in the rain,0.85349,0.51336554355,0.8825451359875,0.6822,0.9987,0.8021
112,"A moth dancing in the rain, watercolor style",0.845716,0.4405194825995,0.876575996221875,0.641,0.9917,0.6707
113,A bumblebee forging a silver key in a candlelit cafe,0.838714,0.44750725350200005,0.857212325233875,0.6389,0.9756,0.4514
114,A rhino and a ant racing a paper airplane,0.829932,0.433134484268875,0.855938037563875,0.6286,0.8449,0.3718
115,A bear conducting an orchestra in a bustling market,0.843511,0.513558250033875,0.8817765138395,0.6793,0.9962,0.7562
116,A tiny otter holding a cup of hot cocoa in a cozy library,0.843702,0.49082020287187506,0.880532195879875,0.6673,0.9952,0.7341
117,A mole locksmith repairing a pocket watch,0.835265,0.429607452078,0.8696397303954999,0.631,0.9465,0.5376
118,A scorpion and a alpaca rowing across a misty lake,0.839301,0.441589546048,0.8694531520848751,0.6383,0.9783,0.5692
119,A ferret racing a paper airplane in a sunflower field,0.844789,0.46648195584687496,0.8856576124098751,0.656,0.9945,0.7771
120,"A donkey planting a bonsai tree in a greenhouse, in warm golden light",0.854352,0.47892581618887503,0.8932400486719999,0.6666,0.9983,0.8977
121,"A goose tuning a grand piano, with bold vivid colors",0.836964,0.465851225428875,0.8787311774995001,0.652,0.9806,0.6656
122,"A spider conducting an orchestra, in warm golden light",0.831535,0.4226769446355,0.858406669448875,0.6241,0.8655,0.3978
123,"A beetle reading a giant book in a sunflower field, in warm golden lig",0.84898,0.491051093829875,0.877991117502,0.6685,0.9974,0.7309
124,A rhino ranger photographing the moon,0.834411,0.441687022272,0.864322894188875,0.636,0.9471,0.4899
125,A wombat and a elephant folding origami cranes,0.841619,0.414794611232,0.884251448614875,0.6279,0.9779,0.707
126,A iguana cobbler exploring a cave,0.836745,0.46194589275549996,0.8938003111980001,0.6529,0.9816,0.8161
127,"A llama fishing off a wooden pier, in gentle morning light",0.842285,0.44064851195,0.8785240044875001,0.6404,0.9872,0.6744
128,A sloth and a turtle ice skating at night,0.83853,0.479432360894875,0.871338920222,0.6581,0.9867,0.6092
129,A tiny flamingo holding a bouquet of wildflowers in an enchanted fores,0.858659,0.4683293315195,0.884547768909875,0.6607,0.9983,0.812
130,A otter florist beside a waterfall,0.818797,0.449260671548875,0.866622302248875,0.6359,0.3162,0.3966
131,A kangaroo tuning a grand piano on a cliff overlooking the sea,0.853512,0.5089142263355,0.8799830101995,0.6794,0.9986,0.7744
132,A bear bookbinder planting a bonsai tree,0.844653,0.49170421867187497,0.856703107739875,0.6634,0.9946,0.5044
133,A narwhal skier picking apples in autumn,0.832995,0.499451282496875,0.860225431928,0.6648,0.968,0.4771
134,A beaver beekeeper on a rooftop at night,0.841155,0.448074399873875,0.8897466129248749,0.6461,0.9882,0.7887
135,A goat firefighter picking apples in autumn,0.817171,0.5069002815754999,0.8394513720838749,0.6601,0.3168,0.1572
136,A cheerful hedgehog magician with a wooden music box,0.839828,0.48145630349487495,0.877292838268875,0.6607,0.9902,0.6769
137,A kangaroo playing a tiny violin on a foggy harbor,0.842186,0.44260668555000005,0.8589245907738751,0.6376,0.9846,0.4825
138,A cheerful salamander magician with a pocket watch,0.829674,0.4614718435755,0.8604624711995,0.6442,0.8993,0.4346
139,A elephant and a spider flying a hot air balloon,0.834179,0.4297601941795,0.8796002890354999,0.6326,0.9413,0.6303
140,"A beetle folding origami cranes on a cliff overlooking the sea, in a w",0.84455,0.4521502479948751,0.878464693952,0.647,0.9923,0.6932
141,A cheerful camel fisherman with a wooden music box,0.839188,0.4280840873355,0.8917466411555,0.6356,0.9774,0.783
142,A tiny gecko holding a small telescope in a lantern-lit alley,0.848294,0.5106877595988749,0.8791245082498751,0.6787,0.9977,0.7488
143,A crab jeweler repairing a pocket watch,0.833989,0.418415473489875,0.8529225795355,0.6215,0.9014,0.358
144,A tiny turtle holding a jar of fireflies on a floating island,0.842989,0.44839489519987497,0.860712919668875,0.6412,0.9878,0.508
145,A mantis and a llama playing a tiny violin,0.841509,0.4799956641755,0.876102372744875,0.6602,0.9921,0.6729
146,"A peacock solving a crossword, in a whimsical cartoon style",0.824059,0.44856964257887505,0.8741553393995,0.6385,0.6811,0.5164
147,A penguin carpenter tuning a grand piano,0.844911,0.45973864188749997,0.8841668989548749,0.6522,0.9939,0.7579
148,A mantis and a wombat tuning a grand piano,0.840732,0.47621283813387505,0.8572897279820001,0.6544,0.9886,0.4823
149,A robin teacher on a rooftop at night,0.82388,0.44919767920000003,0.845764595746875,0.6333,0.6011,0.2415
150,"A moth picking apples in autumn in a cozy library, in a cozy hand-draw",0.834847,0.5008049764875,0.855686286024875,0.6652,0.9768,0.4461
151,"A whale reading a giant book in a candlelit cafe, in warm golden light",0.851141,0.501222937329875,0.877987219694875,0.6744,0.9981,0.7435
152,"A giraffe mixing a bubbling potion at a countryside fair, in gentle mo",0.850204,0.46971867382200005,0.8776001228620001,0.6576,0.9969,0.7192
153,A shark baker sipping tea in a garden,0.827351,0.48418041292987496,0.875318589048,0.6582,0.8946,0.5772
154,"A shark brewing coffee at dawn in a misty valley, in a dreamy haze",0.836194,0.450345118404875,0.874095052649875,0.6429,0.9701,0.6039
155,"A dog blowing glass ornaments in a cluttered workshop, in a whimsical ",0.848333,0.44867262937887503,0.8789322728888751,0.6464,0.9948,0.7113
156,A tiger acrobat on a wooden bridge,0.846665,0.473343377613875,0.8682151021198751,0.6567,0.9952,0.6146
157,A llama skier on a rooftop at night,0.834457,0.4686572062,0.879711197952,0.653,0.9709,0.6619
158,"A wombat balancing on a tightrope, watercolor style",0.848788,0.406508644153875,0.865239779313875,0.622,0.9866,0.5412
159,A tiny wolf holding a vintage camera in a bustling market,0.8448,0.501223906109875,0.8790726297520001,0.6728,0.9963,0.7295
160,A cheerful donkey wizard with a slice of cake,0.829823,0.46407432475487503,0.876116624296875,0.6486,0.9193,0.5914
161,A tiny giraffe holding a jar of fireflies in a bamboo grove,0.848615,0.48239879589949997,0.872402291448875,0.6628,0.9967,0.669
162,A dolphin brewing coffee at dawn at a countryside fair,0.839827,0.472158452638,0.8938659936348751,0.6591,0.9906,0.8408
163,A lamb baker in a lantern-lit alley,0.832111,0.48989515687549995,0.860137581633875,0.6596,0.9575,0.4655
164,A otter reading under an umbrella in a cozy library,0.838847,0.4855550929195,0.8861090466479999,0.6643,0.99,0.7631
165,A crow teacher brewing coffee at dawn,0.815614,0.475238212088,0.8490753094395,0.6451,0.1786,0.2154
166,"A turtle playing a tiny violin, in a vintage storybook style",0.834271,0.463547356658875,0.874412544503875,0.6492,0.9657,0.6043
167,A dragonfly building a sandcastle in an autumn park,0.840808,0.4715850449875,0.874857482078875,0.6554,0.9901,0.6518
168,A tiny bat holding a stack of books in a lavender meadow,0.845251,0.44043572685550003,0.8833124616755,0.6421,0.9918,0.7366
169,A cat climbing a snowy peak at a mountain lake at sunrise,0.838636,0.497868647712,0.8833617615555,0.6701,0.9908,0.7402
170,A chinchilla juggler on a train platform,0.849003,0.46105494671799996,0.873251280621875,0.6519,0.9958,0.6657
171,"A tiger building a birdhouse in a bustling market, in soft pastel colo",0.852555,0.48071226193949995,0.8825350608955,0.665,0.9979,0.7834
172,A beaver botanist watering a rooftop garden,0.836307,0.43312167198199997,0.850341539009875,0.6294,0.949,0.3608
173,A tiny bumblebee holding an old brass compass on a foggy harbor,0.847625,0.4611903391755,0.882198511118,0.6534,0.9956,0.7504
174,A lamb dj on a rooftop at night,0.822764,0.47114348365987496,0.8829113407395001,0.6515,0.7051,0.6091
175,A penguin and a chameleon feeding pigeons in a plaza,0.835577,0.4446823949875,0.878232742538875,0.6405,0.9648,0.6373
176,A squirrel and a giraffe tending a beehive,0.84958,0.470635624768,0.874810187502,0.6574,0.9966,0.6896
177,A rhino writing a letter in a lantern-lit alley,0.844974,0.46699982390199996,0.8638364245968749,0.6521,0.9933,0.5605
178,A cheerful axolotl locksmith with a stack of books,0.841464,0.48994091213987506,0.834390942142,0.6573,0.989,0.2801
179,A tiny spider holding a paper airplane in a moonlit garden,0.850097,0.477408465888,0.9043246346875001,0.6668,0.9978,1.0
180,A cheerful wombat locksmith with a ball of yarn,0.838616,0.46007462218749995,0.859861664996875,0.6459,0.9804,0.4853
181,A tiny donkey holding a wooden music box in a bamboo grove,0.851432,0.46325816093550004,0.8943267321755001,0.6579,0.9974,0.8904
182,A crab folding origami cranes under a starry sky,0.821102,0.470861142621875,0.870258195358,0.6485,0.5689,0.4678
183,A cheerful dragonfly fencer with a slice of cake,0.836622,0.45343268227487504,0.900435907179875,0.6497,0.9798,0.879
184,A fox and a pufferfish surfing a big wave,0.839813,0.4872609063875,0.8701554055468751,0.6623,0.9901,0.6089
185,"A shark building a sandcastle, in a dreamy haze",0.819285,0.4433315365355,0.868236256288875,0.6332,0.3282,0.4124
186,A tiny piglet holding a jar of fireflies on a cliff overlooking the se,0.85105,0.46919231947549994,0.8712474996398749,0.6564,0.9969,0.6584
187,A tiny ladybug holding a paper lantern in a desert at noon,0.827826,0.44950172831387497,0.8711835975180001,0.6395,0.8429,0.5174
188,A llama florist flying a hot air balloon,0.834974,0.46023609836799995,0.8903050443155001,0.6508,0.9731,0.7678
189,"A shark reading tarot cards in a moonlit garden, photorealistic",0.831659,0.490960819552,0.885158358671875,0.6648,0.9644,0.7115
190,A cheerful shark jeweler with a paper lantern,0.833981,0.4729933260795,0.8576498928795,0.6508,0.9623,0.4444
191,A hamster chasing fireflies in a misty valley,0.840285,0.45609576318887496,0.8761378968879999,0.6474,0.9865,0.6517
192,A chinchilla mountaineer photographing the moon,0.845065,0.48989272622487495,0.8594495053548751,0.6632,0.9949,0.5317
193,A dolphin and a beetle carving a wooden spoon,0.830345,0.4594674886155,0.8697564059499999,0.6451,0.9174,0.5288
194,A hippo and a beetle skateboarding down a hill,0.839047,0.46373197489949997,0.8717951769548751,0.6502,0.9848,0.6069
195,A kangaroo and a seahorse climbing a snowy peak,0.853572,0.49013532399887494,0.8797803988875,0.6696,0.9982,0.7637
196,A tiny peacock holding an old brass compass at a countryside fair,0.844961,0.43888574410987496,0.8814122797388749,0.6408,0.991,0.7148
197,A alpaca violinist exploring a cave,0.831103,0.486669237328875,0.8723131564875,0.66,0.9522,0.5761
198,"A goose building a sandcastle, in a vintage storybook style",0.82908,0.4616306968,0.855304132348875,0.6431,0.8808,0.3809
199,A tiny butterfly holding a basket of apples in a lavender meadow,0.846642,0.4439383874395,0.882983658368,0.6443,0.9934,0.7419
200,A tiny badger holding a bouquet of wildflowers in a sunflower field,0.850754,0.45111266688487495,0.880210242478,0.6486,0.9961,0.7348
201,A mole lighthouse keeper climbing a snowy peak,0.8395,0.4287018742755,0.8651668915180001,0.6308,0.972,0.5177
202,A newt blacksmith in a snowy village,0.829823,0.48592064710487504,0.875240240028875,0.6598,0.9389,0.5958
203,A hedgehog magician in a sunflower field,0.834873,0.489098889721875,0.8810994288320001,0.664,0.9798,0.6905
204,"A shark flying a kite in a storm, watercolor style",0.848096,0.46067529871487506,0.889373676152,0.6546,0.9961,0.8253
205,A tiny dolphin holding a small telescope in an autumn park,0.845312,0.4725955883995,0.8987156969875,0.6618,0.9959,0.9187
206,A duck and a hedgehog dancing in the rain,0.843965,0.44662624195199996,0.8813457975138749,0.6446,0.9911,0.7155
207,A cheerful lemur paramedic with a glowing lantern,0.840314,0.4827802200795,0.888354834622,0.6637,0.992,0.7926
208,"A shark repairing a pocket watch on a wooden bridge, watercolor style",0.84576,0.43553003608799995,0.8818354298998751,0.6394,0.9914,0.7199
209,"A axolotl conducting an orchestra, in warm golden light",0.82568,0.448254221103875,0.817888121144875,0.6279,0.6285,0.0041
210,A snail baking sourdough in a coral reef,0.838905,0.3968386353595,0.872102433794875,0.6154,0.944,0.553
211,"A ant sketching in a cafe on a foggy harbor, in a cozy hand-drawn styl",0.839976,0.46197382648800006,0.8600568800355001,0.6473,0.9847,0.4959
212,A gecko weaver folding origami cranes,0.829863,0.445263240393875,0.8806709650554999,0.6397,0.8979,0.6242
213,A cheerful ferret referee with a ball of yarn,0.833556,0.46850296537187497,0.870666110462,0.6509,0.962,0.5657
214,"A chinchilla conducting an orchestra in a lavender meadow, watercolor ",0.841941,0.48348282100487494,0.8617585982448751,0.6594,0.9918,0.5358
215,A robin gardening on a balcony in a bustling market,0.846094,0.473373154219875,0.8661987406720001,0.6562,0.9948,0.5924
216,A tiny llama holding a stack of books under a starry sky,0.846585,0.461628096958,0.866209518702,0.6502,0.9941,0.5871
217,"A beetle repairing a pocket watch, in a whimsical cartoon style",0.83386,0.4326076704395,0.873555372448,0.6329,0.9372,0.57
218,A zebra jeweler in a greenhouse,0.840891,0.455382971968875,0.8675481010998749,0.6456,0.9864,0.5692
219,A cheerful hamster astronaut with a wooden music box,0.835347,0.463013783573875,0.851001369272,0.6448,0.9637,0.3834
220,A tiny lobster holding a bunch of balloons in a neon nightclub,0.846131,0.44563720714487504,0.864114935246875,0.6413,0.9917,0.5533
221,A jellyfish ranger gardening on a balcony,0.822782,0.4582897595995,0.8712986091180001,0.6426,0.6352,0.4843
222,A hippo violinist mixing a bubbling potion,0.839781,0.454920156923875,0.876578176453875,0.6468,0.9852,0.6525
223,A axolotl professor juggling glowing orbs,0.824136,0.48445930658987496,0.8314993155748751,0.6489,0.7001,0.1356
224,A raccoon riding a unicycle on a foggy harbor,0.847076,0.4762081952355,0.851875180444875,0.6552,0.9948,0.4603
225,A tiny bumblebee holding a ball of yarn in a cluttered workshop,0.850328,0.47908371612187495,0.859401868059875,0.659,0.9967,0.5462
226,A tiny elephant holding an old brass compass in an autumn park,0.834838,0.403206266113875,0.880363941438,0.6192,0.9119,0.6179
227,A tiny lion holding a jar of fireflies in a desert at noon,0.849951,0.4452976796875,0.875917618603875,0.6445,0.9951,0.6845
228,A cheerful elephant gardener with a pocket watch,0.842218,0.425748561113875,0.868077920558,0.6306,0.9808,0.5579
229,A rhino astronomer on a floating island,0.833329,0.474544702743875,0.8812189657795,0.656,0.9673,0.6735
230,A tiny fox holding a glowing lantern under a starry sky,0.848402,0.473553401489875,0.8772212862,0.659,0.9964,0.7111
231,A seahorse juggler on a rainy street,0.836647,0.46579728924799996,0.8964676488148751,0.6554,0.9828,0.8459
232,"A dolphin carving a wooden spoon, in a vintage storybook style",0.845355,0.47351837721387496,0.8725137418755,0.6572,0.9947,0.6516
233,A tiny duck holding a ball of yarn on a rooftop at night,0.846117,0.47864498718750004,0.8692934015288749,0.6595,0.9953,0.626
234,A cheerful sloth cobbler with a bowl of ramen,0.828677,0.436186679298875,0.8444146860238749,0.6276,0.7924,0.2565
235,"A pony surfing a big wave on a train platform, in soft pastel colors",0.838681,0.47928975643550004,0.8576966167679999,0.6555,0.985,0.4769
236,"A pony tuning a grand piano, in a vintage storybook style",0.830881,0.428544996098875,0.867232218448875,0.6287,0.8741,0.4841
237,A tiny lion holding a paper airplane on a rainy street,0.849217,0.471145025319875,0.8580219764995001,0.6543,0.9958,0.5242
238,A cheerful sloth knight with a jar of fireflies,0.832992,0.523211996878,0.843700865923875,0.674,0.9693,0.3303
239,A lemur and a lion racing a paper airplane,0.839578,0.49136650000000004,0.8611908395968749,0.6627,0.9893,0.5221
240,A mantis perfumer on a rooftop at night,0.824823,0.448331719023875,0.8891051218555001,0.6415,0.7518,0.674
241,A goose drummer in a candlelit cafe,0.825458,0.453668700379875,0.8685347615554999,0.6404,0.7586,0.4758
242,A cheerful hummingbird jeweler with a steaming teacup,0.836334,0.44303240598750004,0.8772870200955,0.6397,0.968,0.6311
243,A seahorse magician playing a tiny violin,0.840697,0.47211807635549996,0.8517715038,0.6512,0.9871,0.4271
244,A tiny elephant holding a small telescope at a mountain lake at sunris,0.846438,0.495175702659875,0.8903017343755,0.6722,0.9971,0.8484
245,A hummingbird archer on a foggy harbor,0.838606,0.514469157373875,0.8774533497279999,0.6776,0.9917,0.6875
246,A cat sailor reading tarot cards,0.82072,0.456612058044875,0.849863742462,0.637,0.4311,0.2582
247,A beetle carpenter in a neon nightclub,0.836113,0.45916973222987495,0.857974054558,0.6443,0.9689,0.4519
248,A lemur perfumer baking sourdough,0.806432,0.491794061454875,0.841217861088,0.6495,0.0103,0.0541
249,"A pufferfish building a birdhouse, in warm golden light",0.851898,0.49158544158199996,0.8794560740998749,0.6699,0.998,0.7561
250,A tiny giraffe holding a small telescope beside a waterfall,0.852334,0.464013151168,0.8937077036354999,0.6584,0.9976,0.8874
251,A kangaroo magician juggling glowing orbs,0.844211,0.490744815488,0.8904274549995,0.6693,0.9959,0.8376
252,"A goose sketching in a cafe in a desert at noon, in a whimsical cartoo",0.823568,0.489973036763875,0.877209091734875,0.6605,0.7824,0.569
253,A crab watering a rooftop garden on a foggy harbor,0.84936,0.482790018721875,0.874338986539875,0.6636,0.9971,0.6913
254,"A piglet racing a paper airplane in a snowy village, watercolor style",0.84925,0.45524002921987494,0.869905622274875,0.6484,0.9953,0.6295
255,A tiny ferret holding a ball of yarn on a wooden bridge,0.849495,0.4575133236355,0.881960391502,0.6519,0.9961,0.7526
256,A cheerful axolotl jeweler with a paper airplane,0.847164,0.458956108878,0.853998017371875,0.6466,0.9935,0.4698
257,A cheerful lamb wizard with a paper airplane,0.828252,0.4450646382048751,0.8625595,0.6356,0.8332,0.4327
258,"A kangaroo surfing a big wave in a cherry blossom park, photorealistic",0.836215,0.489129637509875,0.8873125661395,0.6656,0.9852,0.7621
259,A firefly weaver chasing fireflies,0.81947,0.41848717433987503,0.8484768547154999,0.6166,0.2023,0.2034
260,"A otter surfing a big wave at a countryside fair, in a vintage storybo",0.841014,0.5019976943155,0.8703555059155,0.6704,0.9931,0.6246
261,"A bear rowing across a misty lake on a foggy harbor, in a whimsical ca",0.83571,0.4837899471875,0.8588990471875,0.6572,0.9767,0.4736
262,A cheerful panda blacksmith with a basket of apples,0.840407,0.4927713374555,0.896578967392,0.6705,0.9936,0.8838
263,A badger and a elephant flying a kite in a storm,0.831605,0.485235205828875,0.8493483466155001,0.6549,0.9442,0.3568
264,A cheerful squirrel archaeologist with a tiny umbrella,0.841688,0.43520861847187503,0.876984966063875,0.6371,0.9843,0.6516
265,"A axolotl repairing a pocket watch beside a waterfall, in warm golden ",0.832358,0.465801522378875,0.8498260443718749,0.6451,0.9381,0.3548
266,A scorpion and a tiger feeding pigeons in a plaza,0.836149,0.4503858439875,0.8395627108738749,0.6362,0.9564,0.2729
267,A pony ice skating at night in a cherry blossom park,0.83874,0.43521567128800004,0.8875149749448751,0.6383,0.9779,0.7428
268,"A alpaca gardening on a balcony in a greenhouse, in a vintage storyboo",0.833197,0.460124711648,0.870347938339875,0.6464,0.9538,0.5546
269,A scorpion chef under a starry sky,0.822642,0.49474005461950005,0.8734842088320001,0.6619,0.7408,0.5264
270,A tiny peacock holding a glowing lantern on a rooftop at night,0.844766,0.4826410238,0.886586635742,0.6645,0.9957,0.7962
271,A badger folding origami cranes on a quiet beach at dusk,0.83936,0.4312924580955,0.8964194183755,0.6382,0.9803,0.8353
272,A tiny fox holding a steaming teacup on a floating island,0.84128,0.443548647712,0.879820330844875,0.6419,0.9862,0.6846
273,A hamster alchemist in a candlelit cafe,0.847044,0.48684091983987493,0.8938284057420001,0.6688,0.9971,0.8831
274,"A narwhal stargazing on a rooftop in a desert at noon, with bold vivid",0.839472,0.4910112310795,0.8572790699874999,0.6617,0.9886,0.4837
275,"A dog balancing on a tightrope, in soft pastel colors",0.853367,0.4634297735395,0.8787693187594999,0.6555,0.9974,0.7372
276,"A scorpion ice skating at night under a starry sky, in a vintage story",0.819472,0.46981525847187494,0.8811816715499999,0.6496,0.4783,0.5619
277,"A peacock blowing glass ornaments, in warm golden light",0.840034,0.402647899533875,0.8831712862755,0.6209,0.9631,0.6761
278,A cheerful octopus mountaineer with a paper lantern,0.845177,0.49005397934487505,0.855309448942,0.6625,0.9947,0.4926
279,A cheerful lobster diver with a paper airplane,0.841245,0.46171328484887497,0.870030256721875,0.6494,0.9886,0.5998
280,"A koala folding origami cranes, in a dreamy haze",0.845952,0.45803727047987497,0.8874537866688751,0.6522,0.9947,0.795
281,A tiny hippo holding a jar of fireflies in an autumn park,0.841077,0.476555419193875,0.8802736622795,0.6591,0.9916,0.7106
282,A tiny crow holding a slice of cake in a cherry blossom park,0.846573,0.46572793633549997,0.900006268832,0.6588,0.9961,0.9334
283,A cheerful beaver florist with a slice of cake,0.846431,0.4416896335395,0.890475287604875,0.6445,0.9935,0.8161
284,A firefly and a hamster picking apples in autumn,0.832258,0.452341540672,0.8761084448755,0.6432,0.9409,0.6002
285,A tiny frog holding a slice of cake in a snowy village,0.843923,0.443202441742,0.8824061089580001,0.643,0.9906,0.7235
286,A dragonfly referee on a train platform,0.841237,0.453258186718875,0.876705146168,0.6463,0.9878,0.6603
287,A ant astronomer beside a waterfall,0.821421,0.497481706808,0.8816900243194999,0.6646,0.6972,0.5997
288,A tiny peacock holding a pocket watch on a foggy harbor,0.851241,0.47471805894200003,0.884361504448,0.6618,0.9975,0.7943
289,A flamingo and a goose napping in a hammock,0.846805,0.447487265746875,0.890596209619875,0.6476,0.9944,0.8233
290,A tiny walrus holding an old brass compass on a cliff overlooking the ,0.847265,0.46359441743950003,0.8805658613874999,0.6542,0.9955,0.734
291,A chinchilla ranger in an autumn park,0.827873,0.46973439496387503,0.8581758097448751,0.6475,0.8671,0.4047
292,A moth potter at a countryside fair,0.81733,0.45625291279999997,0.852889093678,0.6364,0.2239,0.2555
293,"A sloth fishing off a wooden pier, in a dreamy haze",0.84183,0.42717715655949995,0.8900376422794999,0.6355,0.9843,0.7785
294,"A goat knitting a scarf in an enchanted forest, in gentle morning ligh",0.845957,0.45281157607800004,0.8923349539995,0.6505,0.9945,0.8417
295,A salamander and a chameleon sipping tea in a garden,0.841979,0.43646443962387504,0.8917042096538749,0.6407,0.9874,0.8042
296,"A octopus harvesting wildflowers, in warm golden light",0.837795,0.45326653567950004,0.876707693088,0.6454,0.979,0.6416
297,A lemur and a wombat repairing a pocket watch,0.843697,0.43313624375550003,0.876740437349875,0.6366,0.9876,0.6572
298,"A flamingo ice skating at night, with bold vivid colors",0.835672,0.4635273058795,0.8588778774718749,0.6466,0.9688,0.4608
299,A sloth and a tiger reading a giant book,0.844048,0.4526792084955,0.881929839863875,0.6478,0.9922,0.7263
300,A tiny newt holding an old brass compass in an autumn park,0.838628,0.436329629173875,0.884962884989875,0.6384,0.9774,0.7169
301,A jellyfish and a moth solving a crossword,0.829287,0.433871462746875,0.8741031661195,0.6323,0.8535,0.545
302,A beaver and a peacock harvesting wildflowers,0.845277,0.4389043274875,0.890829750453875,0.6428,0.9922,0.8126
303,A scorpion coach in a coral reef,0.827279,0.432736713699875,0.8640957625579999,0.6292,0.762,0.4305
304,A spider and a flamingo feeding pigeons in a plaza,0.833315,0.440724537421875,0.8694175652555001,0.6361,0.9373,0.532
305,A wombat picking apples in autumn in a sunflower field,0.838511,0.440103687634875,0.8610862188155,0.6357,0.9724,0.4819
306,"A lemur playing a tiny violin on a rainy street, watercolor style",0.852346,0.49569678355,0.869967030284875,0.6703,0.998,0.6649
307,A tiny pufferfish holding an old brass compass at a mountain lake at s,0.847462,0.4565104647755,0.866337447621875,0.6478,0.9942,0.5884
308,A newt blacksmith solving a crossword,0.831476,0.47905390219487504,0.865928010232,0.6549,0.948,0.5115
309,A cheerful bat mountaineer with a paper airplane,0.835052,0.49356138088750007,0.8521338398795,0.6608,0.9748,0.4101
310,"A butterfly exploring a cave at a countryside fair, in a whimsical car",0.833197,0.4885580720155,0.8865540341788751,0.6643,0.9735,0.7349
311,"A badger tending a beehive in a lavender meadow, with bold vivid color",0.846636,0.437564307998875,0.8825258659088749,0.6408,0.9926,0.7323
312,A tiny panda holding a bowl of ramen in a bustling market,0.851952,0.48046098965387496,0.878271083512,0.6639,0.9977,0.7383
313,A cheerful elephant florist with a bowl of ramen,0.838257,0.445541616424875,0.8719734024218749,0.6406,0.9767,0.5913
314,A bat mixing a bubbling potion on a cliff overlooking the sea,0.840303,0.47439956841487496,0.8781770774875001,0.6573,0.99,0.6842
315,A raccoon and a tiger sipping tea in a garden,0.844607,0.4770642603955,0.882419918619875,0.6608,0.995,0.7498
316,A meerkat judge blowing glass ornaments,0.830188,0.44149589299549996,0.815527844173875,0.6252,0.8082,0.0125
317,A toucan feeding pigeons in a plaza in a lantern-lit alley,0.850683,0.453146998998875,0.859039304909875,0.6456,0.9952,0.5272
318,A hedgehog ranger on a floating island,0.835742,0.453212101509875,0.8717579519648749,0.6438,0.9684,0.58
319,A platypus ranger conducting an orchestra,0.83768,0.457479894528875,0.88183566395,0.6485,0.981,0.6956
320,A penguin teacher reading under an umbrella,0.830922,0.44008343016387497,0.8633406783538751,0.6339,0.8935,0.4558
321,A butterfly clockmaker chasing fireflies,0.819965,0.4286930511595,0.8790120496875,0.6279,0.3353,0.514
322,A narwhal and a bumblebee reading a giant book,0.840282,0.4826055790955,0.8528125270795,0.6567,0.9883,0.441
323,A tiny narwhal holding a tiny umbrella in a coral reef,0.853716,0.44123722863799997,0.865715747013875,0.6415,0.9957,0.5926
324,A tiny goat holding an old brass compass on a train platform,0.848518,0.4698251220795,0.889916738678875,0.6596,0.9967,0.8385
325,A platypus librarian in a candlelit cafe,0.837898,0.47271527272987496,0.8686198711718749,0.6539,0.9834,0.5747
326,A butterfly knight brewing coffee at dawn,0.825754,0.5069786036780001,0.8594940122038751,0.6665,0.863,0.4207
327,"A jellyfish planting tulips, in a whimsical cartoon style",0.845809,0.461268987614875,0.878046621163875,0.6521,0.9943,0.701
328,"A salamander baking sourdough at a countryside fair, in soft pastel co",0.850466,0.4840858565595,0.846780646269875,0.6592,0.9965,0.4297
329,A cheerful camel beekeeper with a bowl of ramen,0.83404,0.476376916943875,0.8743855814298749,0.6558,0.9702,0.6106
330,A camel racing a paper airplane under a starry sky,0.839158,0.41469524934199997,0.8828259811718749,0.6269,0.9673,0.6794
331,A gecko sailor in an autumn park,0.817046,0.53766398,0.8573487870794999,0.6795,0.4131,0.3348
332,A raccoon cobbler in a cherry blossom park,0.835388,0.439469004472,0.8807401323338749,0.6383,0.961,0.6574
333,A cheerful koala barber with a glowing lantern,0.847301,0.47422549579549994,0.87531750555,0.6587,0.9959,0.6881
334,A ant and a narwhal repairing a pocket watch,0.824019,0.45571197765550003,0.8663139039968749,0.6407,0.687,0.4438
335,"A crab napping in a hammock, in a cozy hand-drawn style",0.84393,0.4672346383595,0.883498351249875,0.6557,0.9938,0.7516
336,A wolf and a bumblebee carving a wooden spoon,0.83538,0.45572272770887506,0.8716370465155001,0.645,0.9675,0.5783
337,A tiny kangaroo holding a basket of apples in a lavender meadow,0.851248,0.5002889535499999,0.8768197312,0.6737,0.998,0.7317
338,"A badger picking apples in autumn at a mountain lake at sunrise, in ge",0.846059,0.5054297663038749,0.8877835555119999,0.677,0.9972,0.8256
339,A rhino jeweler chasing fireflies,0.82151,0.44641600823987504,0.863450964792,0.6346,0.4799,0.3878
340,"A piglet blowing glass ornaments in a misty valley, with bold vivid co",0.845233,0.461782300399875,0.8841123079875001,0.6533,0.9943,0.7602
341,A alpaca forging a silver key on a floating island,0.833293,0.467369629209875,0.8686777195500001,0.6498,0.9586,0.5436
342,A tiny bat holding a tiny umbrella on a train platform,0.845305,0.4520798019875,0.8807953234875,0.6477,0.9932,0.7201
343,A cheerful penguin gardener with a glowing lantern,0.843064,0.434153675598,0.8784974552,0.6373,0.987,0.6727
344,A rhino flying a kite in a storm at a countryside fair,0.84631,0.477362062363875,0.885972925358875,0.6621,0.9961,0.7937
345,A platypus and a ladybug planting tulips,0.843826,0.45267573919950005,0.875662840346875,0.6466,0.9914,0.6622
346,A meerkat and a zebra meditating under a waterfall,0.840798,0.479474817424875,0.871115662462,0.6588,0.9907,0.6193
347,"A hedgehog fishing off a wooden pier in a lavender meadow, in warm gol",0.85065,0.472145389678,0.873538733982,0.6582,0.997,0.6817
348,A beaver and a firefly racing a paper airplane,0.844276,0.40442851362187504,0.8553680750355,0.6177,0.9738,0.4249
349,A axolotl mountaineer harvesting wildflowers,0.816883,0.45021090933950003,0.8373219973998749,0.6302,0.1598,0.102
350,A beaver alchemist reading tarot cards,0.833662,0.462487756523875,0.8758494259875,0.6488,0.9614,0.614
351,A lemur and a crab conducting an orchestra,0.841529,0.45409972399687504,0.884200343994875,0.6483,0.9894,0.7382
352,A hippo judge reading tarot cards,0.81856,0.478937791759875,0.856907754782,0.6494,0.3808,0.3199
353,A ant mountaineer in a bamboo grove,0.829873,0.4410993961579999,0.8652047960938751,0.6345,0.8739,0.4673
354,A tiny fox holding a stack of books in a snowy village,0.846976,0.470582275953875,0.892089442179875,0.66,0.9963,0.8553
355,A tiny piglet holding a bowl of ramen in a cozy library,0.848497,0.482212022382,0.883570171358875,0.6648,0.9971,0.7807
356,"A narwhal conducting an orchestra, with bold vivid colors",0.839206,0.49046222571987497,0.846213260213875,0.6592,0.9864,0.3773
357,A narwhal exploring a cave in a lantern-lit alley,0.852487,0.482113031538875,0.8977995784155001,0.6686,0.9982,0.9417
358,A sloth astronomer in a desert at noon,0.824988,0.47874621183487504,0.8613636624238751,0.652,0.791,0.4183
359,A wolf carpenter blowing glass ornaments,0.823317,0.49140079708487505,0.853302317342,0.6565,0.7252,0.3342
360,A cat and a bat climbing a snowy peak,0.838041,0.45139758175799993,0.887817693253875,0.6466,0.9814,0.7544
361,A dragonfly and a bumblebee sailing a paper boat,0.841233,0.46507603952887505,0.882918262471875,0.6537,0.9906,0.7311
362,A axolotl cartographer in a moonlit garden,0.820213,0.463166054318875,0.8339446492968751,0.6372,0.3777,0.1111
363,A llama professor in an autumn park,0.821809,0.44349351297550005,0.867702550554875,0.6339,0.499,0.4297
364,"A shark sketching in a cafe in an autumn park, with bold vivid colors",0.8406,0.508700444249875,0.881367141346875,0.6759,0.9939,0.7355
365,A tiny toucan holding a basket of apples at a mountain lake at sunrise,0.846381,0.507744218064875,0.855024351838,0.672,0.9963,0.5035
366,A rhino and a lemur fishing off a wooden pier,0.838932,0.47359090009387506,0.8783358279679999,0.6566,0.9875,0.6778
367,A cheerful salamander mountaineer with a knitted scarf,0.840243,0.476225290546875,0.8895263671875,0.6605,0.9913,0.8005
368,A flamingo shepherd in a lavender meadow,0.836617,0.458922280621875,0.8892938771394999,0.6504,0.9794,0.7666
369,A owl clockmaker in a sunflower field,0.829658,0.434329247933875,0.8541079365968749,0.6288,0.8371,0.3533
370,A walrus meteorologist dancing in the rain,0.846249,0.455524701894875,0.877441859096875,0.6491,0.994,0.6928
371,A tiny donkey holding an old brass compass in a cozy library,0.843252,0.4795926432595,0.8684261410355,0.659,0.9933,0.6051
372,A cheerful rhino lighthouse keeper with a tiny umbrella,0.838594,0.442717463582,0.873703129248875,0.6395,0.9773,0.6082
373,"A newt building a birdhouse under a starry sky, in gentle morning ligh",0.840394,0.41540800259550004,0.869819859358875,0.6251,0.9696,0.5564
374,A koala and a tiger exploring a cave,0.841818,0.4402290259355,0.8570280245680001,0.6359,0.9827,0.4606
375,A rhino barista in an autumn park,0.82673,0.464376691809875,0.859474409868875,0.6446,0.8226,0.405
376,A alpaca conducting an orchestra on a rooftop at night,0.836107,0.461764003363875,0.8484394828488749,0.6438,0.9668,0.3631
377,A donkey cartographer on a foggy harbor,0.833836,0.46209870019199994,0.8749243084875,0.6485,0.9621,0.6056
378,A cheerful mole gardener with a cup of hot cocoa,0.828326,0.432773127902,0.8441614687500001,0.6257,0.7666,0.2487
379,A snail forging a silver key on a wooden bridge,0.828843,0.451619019974875,0.865222220369875,0.6397,0.8687,0.4679
380,"A salamander sailing a paper boat in a misty valley, in warm golden li",0.848112,0.4661937495995,0.8803551293498749,0.6557,0.996,0.737
381,A flamingo and a pony watering a rooftop garden,0.85389,0.45262258,0.8972472211120001,0.6536,0.9975,0.9211
382,"A koala racing a paper airplane, in soft pastel colors",0.847605,0.45512161198887496,0.873114202998875,0.6484,0.9946,0.6549
383,A lamb alchemist flying a hot air balloon,0.822751,0.44311827827199995,0.8556378232538749,0.6317,0.5282,0.3206
384,"A turtle flying a kite in a storm, in a whimsical cartoon style",0.831907,0.44031273375950003,0.843909449422,0.6306,0.8932,0.2781
385,A tiny crow holding a stack of books in a lavender meadow,0.852695,0.4556091936395,0.902931680078,0.6559,0.9975,0.9797
386,"A koala balancing on a tightrope, in a vintage storybook style",0.840842,0.480300599032,0.873039233103875,0.6596,0.9911,0.6391
387,A cheerful dragonfly meteorologist with a ball of yarn,0.833385,0.463808432339875,0.850149697408,0.6444,0.9478,0.3633
388,A cheerful dragonfly skier with a pocket watch,0.836678,0.4643343941955,0.8732613166795,0.6501,0.9779,0.6082
389,A hummingbird and a alpaca juggling glowing orbs,0.843569,0.4790353805195,0.8810635451218749,0.6612,0.9944,0.7324
390,A cheerful penguin cobbler with a bunch of balloons,0.836902,0.43635889167799996,0.8719292836995,0.6354,0.9655,0.5758
391,A tiny crab holding a ball of yarn on a rainy street,0.84118,0.492258715678,0.85040138995,0.6615,0.9907,0.428
392,A chameleon and a koala climbing a snowy peak,0.849598,0.46541171628800004,0.8755893098875,0.6548,0.9964,0.6941
393,A cheerful camel astronaut with a steaming teacup,0.83418,0.46952337206199996,0.877421831518,0.6529,0.969,0.6377
394,A lobster and a koala feeding pigeons in a plaza,0.849884,0.466449617262,0.865382161104875,0.6535,0.9961,0.5949
395,A spider sketching in a cafe in a desert at noon,0.843726,0.46454670543800003,0.8805975162155,0.6537,0.9931,0.7195
396,"A wombat photographing the moon in a coral reef, watercolor style",0.83461,0.49174880590387493,0.876165162128875,0.6643,0.9784,0.6405
397,A cheerful firefly skier with a bouquet of wildflowers,0.839966,0.41102512971487504,0.88621320355,0.6258,0.9699,0.7149
398,A ant and a dolphin racing a paper airplane,0.822171,0.472651067694875,0.866724036154875,0.649,0.6366,0.4434
399,"A raccoon folding origami cranes, in soft pastel colors",0.849153,0.456337608721875,0.8319155228875,0.6416,0.9929,0.2711
400,A llama and a chameleon feeding pigeons in a plaza,0.847524,0.4432990312195,0.852453821174875,0.6383,0.9916,0.4452
401,"A otter stargazing on a rooftop, in a vintage storybook style",0.816204,0.5064475704198751,0.8643888358788749,0.6644,0.312,0.3838
402,A cheerful salamander drummer with a pocket watch,0.840466,0.415913135218875,0.8768999363875,0.6267,0.9724,0.6277
403,"A mole writing a letter, in warm golden light",0.83613,0.432923251943875,0.856869157838,0.6305,0.9507,0.4216
404,"A zebra watering a rooftop garden on a floating island, in a cozy hand",0.84247,0.479178639471875,0.871153113208875,0.6591,0.9927,0.628
405,A hummingbird skier on a floating island,0.834043,0.4680407893875,0.8701145182995,0.6507,0.965,0.5631
406,A pony flying a kite in a storm in a coral reef,0.83987,0.486534570558,0.868638412584875,0.6617,0.99,0.5939
407,"A lobster dancing in the rain at a countryside fair, in a cozy hand-dr",0.83473,0.5067787703838751,0.9041967914995,0.6776,0.9865,0.9378
408,"A pony sailing a paper boat, in a cozy hand-drawn style",0.845177,0.4275771181195,0.878082547346875,0.6344,0.9888,0.6728
409,"A lamb climbing a snowy peak, with bold vivid colors",0.836829,0.459694554872,0.8896498431395,0.6509,0.9804,0.772
410,"A bumblebee building a birdhouse, in soft pastel colors",0.858214,0.41861408299549996,0.893286241783875,0.6364,0.9961,0.8629
411,A tiny ladybug holding a slice of cake in a lantern-lit alley,0.845677,0.49171664212887495,0.875925995848875,0.6675,0.9961,0.6972
412,A platypus and a salamander sailing a paper boat,0.844575,0.42531553455800003,0.875515577363875,0.6325,0.987,0.6424
413,"A iguana writing a letter in a cozy library, in a dreamy haze",0.838469,0.48046227206987496,0.8859985679019999,0.6615,0.9887,0.757
414,A tiny duck holding a bouquet of wildflowers on a floating island,0.852798,0.451151579746875,0.877274421619875,0.6487,0.9966,0.7119
415,A cheerful goose baker with a tiny umbrella,0.838149,0.41942046897487506,0.856626653118875,0.624,0.9543,0.4195
416,"A koala fishing off a wooden pier, in soft pastel colors",0.849875,0.46952751384799996,0.870476600459875,0.6561,0.9965,0.6469
417,A piglet coach in a moonlit garden,0.82498,0.44141456195,0.850681227246875,0.6305,0.648,0.2907
418,"A bumblebee solving a crossword, in a whimsical cartoon style",0.839684,0.4362533446795,0.8911226504288751,0.6398,0.982,0.786
419,"A duck picking apples in autumn, in a cozy hand-drawn style",0.832825,0.45351349573550004,0.8791483915795,0.6445,0.9496,0.6354
420,"A elephant painting a mural, with bold vivid colors",0.832283,0.456757922288875,0.877951164078,0.6458,0.9461,0.622
421,A turtle and a elephant napping in a hammock,0.831771,0.464109346222,0.8619627089195,0.6464,0.9373,0.4657
422,A tiny camel holding a wooden music box in a coral reef,0.849743,0.42887089967549996,0.9040660129548749,0.6414,0.9949,0.9611
423,A chinchilla firefighter harvesting wildflowers,0.834491,0.473484006473875,0.8638034483438749,0.6524,0.9682,0.5074
424,A bat diver conducting an orchestra,0.823644,0.34382768022187504,0.8715114154875,0.5834,0.1294,0.3797
425,A cheerful wombat beekeeper with a knitted scarf,0.841719,0.43950207815487496,0.875206885368,0.639,0.9853,0.6374
426,"A chameleon carving a wooden spoon on a rooftop at night, in a whimsic",0.84081,0.478028456702,0.8703649346875,0.6579,0.9905,0.6111
427,A ant blacksmith dancing in the rain,0.835335,0.5115040734555001,0.84507962,0.6688,0.9786,0.3537
428,A whale referee in a candlelit cafe,0.83683,0.39638777897550004,0.855718277923875,0.6114,0.907,0.381
429,A gecko baking sourdough in a sunflower field,0.845543,0.46111534719200004,0.8526705277755,0.647,0.9922,0.4518
430,A cat sipping tea in a garden in an autumn park,0.832539,0.441384414622,0.883240261189875,0.6389,0.9374,0.6658
431,"A rhino sailing a paper boat, photorealistic",0.820068,0.42437251000799997,0.857744871808,0.6216,0.2744,0.302
432,A cheerful lamb barista with a cup of hot cocoa,0.834864,0.455587401793875,0.8602076114198749,0.6425,0.9597,0.4632
433,A tiger conductor in a candlelit cafe,0.827588,0.471947532598875,0.828849745472,0.6429,0.8182,0.1318
434,A bear gardener writing a letter,0.821857,0.478027001678,0.8422697827755,0.647,0.5688,0.211
435,A fox knight flying a kite in a storm,0.840613,0.499288626838875,0.885862895868875,0.6719,0.9936,0.7771
436,A narwhal and a walrus painting a mural,0.846141,0.45600781395,0.871376928444875,0.6481,0.9936,0.6322
437,A tiny dolphin holding a tiny umbrella in a moonlit garden,0.853534,0.48442407355,0.8866129353280001,0.668,0.9982,0.8301
438,A cheerful camel fencer with a paper lantern,0.837596,0.420415709342,0.884995292121875,0.6298,0.9634,0.6978
439,A frog dancing in the rain in a bustling market,0.84901,0.5049550684288749,0.875758400634875,0.6753,0.9977,0.7153
440,"A beetle flying a hot air balloon, in a cozy hand-drawn style",0.837274,0.4462264426355,0.878173170208,0.6418,0.9745,0.6481
441,"A lemur watering a rooftop garden in a sunflower field, photorealistic",0.835668,0.493721406912,0.8863482350755,0.6676,0.9844,0.7512
442,A tiny meerkat holding a steaming teacup under a starry sky,0.847667,0.470985860253875,0.836217341239875,0.6496,0.9937,0.3141
443,"A scorpion blowing glass ornaments in a neon nightclub, in soft pastel",0.856091,0.4462696451795,0.8899652392195,0.6495,0.9974,0.8465
444,A cheerful bumblebee dj with a paper lantern,0.831164,0.457559593408875,0.8741370527238751,0.6452,0.931,0.5767
445,A narwhal pilot forging a silver key,0.84019,0.46991381439200003,0.853792174678875,0.6503,0.986,0.4422
446,A spider alchemist under a starry sky,0.827789,0.46070710503987505,0.8583100040755001,0.6428,0.8479,0.3994
447,"A duck rowing across a misty lake on a train platform, in soft pastel ",0.854905,0.46997466648749997,0.887034554798,0.6609,0.998,0.8297
448,A penguin and a salamander mixing a bubbling potion,0.842934,0.4996129956795,0.8510397765488751,0.666,0.9934,0.4464
449,A bear referee beside a waterfall,0.825485,0.4823247969875,0.8547260625298749,0.6527,0.8072,0.3606
450,A bear potter in a snowy village,0.827359,0.4690465338795,0.888924276413875,0.6529,0.8881,0.7064
451,A hare ranger in a neon nightclub,0.835575,0.4927618152755,0.8616028088738751,0.6623,0.9792,0.5036
452,A turtle and a hummingbird flying a kite in a storm,0.84609,0.437808371008,0.884413475049875,0.6412,0.9923,0.7494
453,A walrus and a otter meditating under a waterfall,0.846544,0.4877560477595,0.8957617244080001,0.6695,0.997,0.9017
454,A goat and a wombat picking apples in autumn,0.853844,0.47023867739550007,0.887201724472,0.6608,0.9979,0.8287
455,A cheerful hummingbird lighthouse keeper with a tiny umbrella,0.840964,0.4518619598,0.876894753596875,0.6456,0.9871,0.6598
456,A kangaroo painting a mural in a sunflower field,0.850361,0.492952371072,0.869313715764875,0.6682,0.9975,0.6505
457,A otter ranger knitting a scarf,0.831173,0.456095612054875,0.887043980971875,0.6469,0.9379,0.7063
458,A alpaca sailor in a desert at noon,0.821782,0.421521138004875,0.894278670973875,0.6276,0.4594,0.6803
459,"A mantis harvesting wildflowers in a snowy village, watercolor style",0.848713,0.470997652939875,0.8933190652479999,0.6609,0.997,0.8752
460,A lobster alchemist watering a rooftop garden,0.827895,0.425193108878,0.862933096779875,0.6253,0.7589,0.4175
461,A pony professor at a mountain lake at sunrise,0.82716,0.44621181639550006,0.8817948694875,0.6396,0.8286,0.6162
462,A rhino and a lion exploring a cave,0.841442,0.438961218778875,0.8736966114448749,0.6384,0.9843,0.6205
463,A cheerful bear wizard with a stack of books,0.840982,0.4525272399279999,0.8721728398000002,0.645,0.9866,0.6133
464,A cheerful pufferfish potter with a basket of apples,0.840664,0.443545875832,0.879659279902,0.6417,0.9848,0.6798
465,A tiny llama holding a cup of hot cocoa in a neon nightclub,0.853996,0.466844167004875,0.8508194229718751,0.6521,0.9968,0.4685
466,"A ant balancing on a tightrope in a coral reef, in warm golden light",0.842558,0.4619205071755,0.8841838601838748,0.6527,0.9919,0.7485
467,A beaver and a llama surfing a big wave,0.832626,0.48033113545487505,0.856018859221875,0.6539,0.9549,0.4242
468,A tiny chinchilla holding a bunch of balloons in a lavender meadow,0.852123,0.462159744538875,0.891194169971875,0.6569,0.9974,0.8594
469,"A dog picking apples in autumn in an autumn park, in a dreamy haze",0.841607,0.48958418526487496,0.8753866439820001,0.6651,0.9931,0.6715
470,A cheerful otter archaeologist with a bowl of ramen,0.842976,0.49302504973987504,0.853985970898875,0.6631,0.9931,0.4713
471,"A crab gardening on a balcony on a foggy harbor, watercolor style",0.840616,0.48495858782199996,0.851167147084875,0.6577,0.989,0.4284
472,A lion writing a letter in a desert at noon,0.843483,0.47357811855949994,0.8826303052098751,0.6587,0.9939,0.7447
473,"A fox juggling glowing orbs, in a cozy hand-drawn style",0.841795,0.477578863871875,0.8824790103238751,0.6603,0.9927,0.7373
474,A cheerful panda blacksmith with a glowing lantern,0.850605,0.499891120672,0.886018530219875,0.6751,0.9981,0.8225
475,A mole potter solving a crossword,0.81303,0.461779827448,0.854978577998,0.6385,0.0761,0.2369
476,A ant tailor on a train platform,0.830845,0.430800243523875,0.8645446516195,0.6293,0.875,0.4594
477,A cheerful bat potter with a bunch of balloons,0.83422,0.425917963328,0.8680461813875001,0.6284,0.9297,0.5122
478,A firefly playing a tiny violin in a desert at noon,0.842205,0.415771452138875,0.892833593728,0.6302,0.9817,0.7992
479,A tiger and a alpaca feeding pigeons in a plaza,0.840167,0.477851299296875,0.885789634168,0.6606,0.991,0.7627
480,A tiny snail holding an old brass compass in a cozy library,0.838012,0.437398188738875,0.8783204467555,0.6375,0.9737,0.647
481,"A pufferfish carving a wooden spoon, with bold vivid colors",0.838458,0.455890875094875,0.8899478844955001,0.6495,0.9843,0.7819
482,A jellyfish watering a rooftop garden in a snowy village,0.848306,0.499911729878875,0.8753110665794999,0.6724,0.9974,0.7058
483,A cheerful toucan fencer with a knitted scarf,0.833653,0.449796507518,0.8596546934079999,0.6391,0.9442,0.4459
484,A cheerful crow violinist with a tiny umbrella,0.831664,0.45862035338749996,0.878546658382,0.6467,0.9412,0.6251
485,A camel balancing on a tightrope on a cliff overlooking the sea,0.851734,0.45163575819999996,0.857319872464875,0.6448,0.9954,0.5131
486,A cheerful sloth firefighter with a vintage camera,0.829746,0.4413971887155,0.8881070047980001,0.6391,0.8961,0.6962
487,A penguin and a beetle mixing a bubbling potion,0.833258,0.482848256369875,0.870487641524875,0.6582,0.9668,0.5705
488,A tiny ferret holding a stack of books in a greenhouse,0.848413,0.47352294595,0.8640681422000001,0.6565,0.9959,0.5811
489,"A mole racing a paper airplane, photorealistic",0.825775,0.438508046278875,0.876942768948875,0.6343,0.7396,0.5504
490,A crow playing a tiny violin under a starry sky,0.852054,0.45862818517949994,0.8974487298380001,0.6562,0.9974,0.9219
491,A cheerful fox potter with a paper airplane,0.832006,0.455139207519875,0.8511082131155,0.6397,0.9233,0.3572
492,A wombat and a beetle playing a tiny violin,0.846498,0.44248310735799995,0.8944002796498749,0.6457,0.9939,0.8577
493,A penguin climbing a snowy peak in a misty valley,0.85035,0.450986493264875,0.884870380528875,0.6493,0.9961,0.7806
494,A cheerful salamander carpenter with a cup of hot cocoa,0.831598,0.45108526238749996,0.851717217438,0.6376,0.9121,0.3573
495,A platypus surfing a big wave in a lantern-lit alley,0.848744,0.4784286620795,0.8564309687195,0.6577,0.996,0.5116
496,A camel blowing glass ornaments on a train platform,0.828852,0.467470788793875,0.865009647838,0.6479,0.8952,0.4767
497,A platypus and a beetle gardening on a balcony,0.842386,0.4658111202955001,0.871321669349875,0.6522,0.9911,0.621
498,"A platypus forging a silver key, in gentle morning light",0.852491,0.43207578264887503,0.8961410221355001,0.6423,0.9959,0.8894
499,A meerkat drummer in an enchanted forest,0.829062,0.48134722656387496,0.874278653284875,0.657,0.9235,0.5781
500,A tiny dog holding a stack of books on a floating island,0.849081,0.46313568986487497,0.865818165189875,0.6516,0.9956,0.5941
