prompt_id,prompt,q_text,q_image,q_audio,judge_mean,judge_grade,nb_p_good_loo,lr_gr_loo,s1_text_image,s2_text_audio,s3_image_audio,tsas,wtsas_final
1,A fox exploring a cave in a snowy village,0.839816,0.472127287863875,0.862416035808875,4.25,0.8125,0.305,0.6458,0.4255,0.0647,0.0411,0.1771,0.101
2,A flamingo blacksmith exploring a cave,0.836263,0.436093930382,0.8819092736755,3.0,0.5,0.2756,0.5987,0.4348,-0.0212,0.0271,0.1469,0.0644
3,A mantis sailing a paper boat on a wooden bridge,0.841654,0.449645108671875,0.8611945812955,3.0,0.5,0.2665,0.5833,0.4361,0.062,0.0254,0.1745,0.0963
4,"A panda brewing coffee at dawn in a neon nightclub, photorealistic",0.830942,0.499144255662,0.8538280439979999,4.25,0.8125,0.2925,0.6199,0.4406,0.2526,0.1741,0.2891,0.1995
5,A chameleon archer brewing coffee at dawn,0.844609,0.506517395344875,0.8686621640995,3.75,0.6875,0.4809,0.8641,0.4462,0.1188,0.0489,0.2046,0.1252
6,A mantis carpenter chasing fireflies,0.825673,0.4354886583875,0.841404361769875,3.25,0.5625,0.111,0.2729,0.3816,0.0241,0.1199,0.1752,0.0985
7,A cheerful butterfly professor with a paper lantern,0.82542,0.4782455973555,0.8738730339795,3.5,0.625,0.2705,0.6065,0.4133,0.0631,0.1845,0.2203,0.1341
8,"A hippo skateboarding down a hill, in warm golden light",0.84751,0.472967199023875,0.8831311044198751,4.0,0.75,0.4142,0.7917,0.4871,-0.0085,0.0807,0.1865,0.0866
9,"A toucan reading under an umbrella, in a dreamy haze",0.838554,0.442526029678,0.8500471954638751,3.75,0.6875,0.1974,0.4672,0.3673,-0.0166,0.0079,0.1195,0.0571
10,A sloth solving a crossword at a mountain lake at sunrise,0.836536,0.511506827192,0.873699560718,4.0,0.75,0.4506,0.8322,0.4624,0.126,0.1302,0.2395,0.1517
11,A lamb and a ant dancing in the rain,0.826722,0.4781355488148749,0.8480405231848751,3.5,0.625,0.1995,0.467,0.35,0.0987,0.1048,0.1845,0.1198
12,A kangaroo dj at a mountain lake at sunrise,0.832503,0.512613935546875,0.864534303746875,4.5,0.875,0.3937,0.7578,0.4917,0.0881,0.1051,0.2283,0.1329
13,"A llama reading tarot cards in a sunflower field, in a cozy hand-drawn",0.855959,0.474207091838,0.8957225289520001,3.5,0.625,0.4995,0.8841,0.4519,0.0001,0.0586,0.1702,0.0832
14,A firefly and a goose building a birdhouse,0.824757,0.447297381048,0.894117696073875,3.25,0.5625,0.2513,0.5574,0.411,0.0128,0.0544,0.1594,0.0828
15,A otter rowing across a misty lake under a starry sky,0.840308,0.492078033671875,0.8701643558195,4.0,0.75,0.3926,0.7669,0.3733,0.0644,0.0888,0.1755,0.109
16,A tiny llama holding a wooden music box in a cherry blossom park,0.853549,0.441658950448875,0.888292080546875,3.75,0.6875,0.3875,0.75,0.4447,0.0639,0.0863,0.1983,0.1141
17,A wolf sipping tea in a garden in an autumn park,0.840809,0.4836418589555,0.879656072398,3.75,0.6875,0.4024,0.7804,0.4453,-0.0152,0.0323,0.1541,0.0695
18,A cat and a bat meditating under a waterfall,0.842015,0.476092017971875,0.882892102392,3.5,0.625,0.3965,0.7706,0.4387,0.0421,0.0934,0.1914,0.1076
19,A seahorse botanist ice skating at night,0.826807,0.443979875518,0.878310819121875,3.25,0.5625,0.2264,0.5244,0.3295,0.0656,0.0566,0.1506,0.0937
20,A ant gardening on a balcony on a quiet beach at dusk,0.827927,0.4025551008319999,0.874171499908875,4.0,0.75,0.1516,0.3789,0.3375,0.0717,0.0601,0.1564,0.0962
21,A cat perfumer solving a crossword,0.821497,0.479230559422,0.842480335498875,3.25,0.5625,0.1554,0.3803,0.3318,0.0764,0.1641,0.1907,0.1229
22,A tiny ladybug holding a wooden music box on a train platform,0.854073,0.4002921144488749,0.8806601802195001,4.0,0.75,0.256,0.5829,0.3857,0.1397,0.0927,0.206,0.1342
23,A raccoon and a peacock painting a mural,0.832437,0.463107972788875,0.871709414814875,3.25,0.5625,0.2732,0.6068,0.4064,0.0288,0.0796,0.1716,0.0953
24,A lion and a seahorse repairing a pocket watch,0.841213,0.458584715173875,0.850736286796875,3.5,0.625,0.24,0.5397,0.452,0.0605,0.1037,0.2054,0.1171
25,A dragonfly coach building a birdhouse,0.838129,0.445436433834875,0.844145614302,3.5,0.625,0.1759,0.4284,0.371,-0.0036,0.1045,0.1573,0.0845
26,A toucan and a pufferfish planting a bonsai tree,0.842935,0.456241323249875,0.872795182753875,3.75,0.6875,0.3225,0.6718,0.3765,0.0906,0.0444,0.1705,0.1061
27,A cheerful narwhal fisherman with a tiny umbrella,0.844799,0.444715293769875,0.8850208655920001,3.75,0.6875,0.3436,0.6941,0.3803,0.0678,0.0628,0.1703,0.1032
28,A ladybug dj dancing in the rain,0.829717,0.479712245022,0.8799284861688751,3.75,0.6875,0.3179,0.6747,0.3703,0.021,0.0747,0.1553,0.0883
29,"A moth planting a bonsai tree in a candlelit cafe, photorealistic",0.837127,0.5233834505995,0.862450525924875,3.75,0.6875,0.4919,0.8711,0.4503,0.128,0.0975,0.2253,0.1426
30,"A iguana tending a beehive, in soft pastel colors",0.847538,0.464267971118,0.8951570443098751,4.0,0.75,0.4144,0.7833,0.3486,-0.0104,0.0678,0.1353,0.0727
31,A lemur tailor in a lantern-lit alley,0.831761,0.524640396542,0.8402973749195,3.75,0.6875,0.3307,0.6808,0.4279,0.1246,0.1398,0.2308,0.1499
32,"A hippo sketching in a cafe, in soft pastel colors",0.838866,0.4399641336879999,0.886084380721875,3.5,0.625,0.3055,0.6414,0.4236,0.0533,0.0953,0.1908,0.1095
33,"A wolf sketching in a cafe in an autumn park, in gentle morning light",0.842844,0.5170983676218749,0.8982154989874999,3.5,0.625,0.599,1.0,0.5128,0.05,0.1442,0.2357,0.1312
34,A tiny beetle holding a paper lantern on a train platform,0.851581,0.4527617875499999,0.894496076718,4.75,0.9375,0.401,0.768,0.3896,0.1034,0.0842,0.1924,0.1229
35,A newt reading under an umbrella in a snowy village,0.836136,0.4923988502798749,0.8614094914880001,3.5,0.625,0.3456,0.6959,0.3291,0.0437,0.0063,0.1263,0.0753
36,A lemur and a hamster forging a silver key,0.840483,0.519782398558,0.840215847074875,3.0,0.5,0.3604,0.7207,0.4291,0.1989,0.1775,0.2685,0.1853
37,"A kangaroo reading a giant book, in warm golden light",0.848338,0.457758371343875,0.8960473267468749,4.5,0.875,0.4013,0.7671,0.4191,-0.0157,0.0797,0.161,0.0792
38,"A chameleon flying a kite in a storm, in warm golden light",0.844606,0.4393824552138749,0.8731739776995,3.75,0.6875,0.301,0.6365,0.3702,-0.0206,0.0834,0.1443,0.0732
39,A axolotl potter reading under an umbrella,0.810928,0.4867648371875001,0.8301219958080001,3.25,0.5625,0.0922,0.2202,0.4144,0.0451,0.0873,0.1823,0.1033
40,"A mantis watering a rooftop garden, in gentle morning light",0.852523,0.4390621002248749,0.8674747730754999,4.25,0.8125,0.3076,0.6481,0.4354,0.0826,0.026,0.1814,0.1043
41,A bumblebee knight beside a waterfall,0.838779,0.440800045112,0.872432584222,4.25,0.8125,0.2664,0.5894,0.3037,0.0424,0.0706,0.1389,0.0862
42,A lemur potter on a cliff overlooking the sea,0.852762,0.460441810438875,0.8553404874955,3.75,0.6875,0.3144,0.6532,0.3687,0.0854,0.0947,0.1829,0.1167
43,A tiny turtle holding a steaming teacup under a starry sky,0.844622,0.427376542272,0.8885914148538749,4.5,0.875,0.3071,0.646,0.4074,0.094,0.074,0.1918,0.1174
44,A llama flying a hot air balloon beside a waterfall,0.830771,0.4736745518755,0.842594507448,3.25,0.5625,0.1867,0.4462,0.4284,0.0485,0.0869,0.188,0.1064
45,A newt watering a rooftop garden in an enchanted forest,0.830322,0.4332712744595,0.872617074413875,3.5,0.625,0.2182,0.5062,0.2941,0.0624,0.1059,0.1542,0.0986
46,"A dolphin reading tarot cards, in a whimsical cartoon style",0.843858,0.4592243609754999,0.8666024818468749,3.75,0.6875,0.315,0.6583,0.4233,-0.0112,0.1432,0.1851,0.0957
47,A tiny salamander holding a pocket watch on a rooftop at night,0.84766,0.457402116168875,0.863666089029875,3.75,0.6875,0.3199,0.662,0.3739,0.1167,0.1216,0.2041,0.1341
48,A mantis meteorologist flying a hot air balloon,0.841626,0.4604078799875,0.882488482798,3.5,0.625,0.352,0.7118,0.3945,0.1189,0.0556,0.1897,0.1205
49,A chinchilla shepherd rowing across a misty lake,0.844724,0.48332103155,0.880212436928,3.75,0.6875,0.4277,0.8087,0.3991,0.0025,-0.0025,0.133,0.0647
50,A elephant and a gecko folding origami cranes,0.838902,0.4269654744879999,0.891998577421875,3.5,0.625,0.2949,0.6248,0.3666,0.0228,0.1165,0.1686,0.0966
51,A snail chasing fireflies in a neon nightclub,0.833726,0.46109823595,0.8710290256048749,3.75,0.6875,0.275,0.6081,0.4033,0.1906,0.187,0.2603,0.1769
52,A frog and a butterfly reading tarot cards,0.825112,0.446550685728,0.8492197330594999,3.25,0.5625,0.1453,0.3558,0.4113,-0.0107,0.0269,0.1425,0.0669
53,A butterfly baker reading a giant book,0.827966,0.4119591813875,0.8729041391819999,3.75,0.6875,0.1857,0.4458,0.3603,0.0168,0.038,0.1384,0.075
54,A hummingbird planting tulips under a starry sky,0.846403,0.498411913168875,0.8784459293754999,3.75,0.6875,0.4893,0.8784,0.4353,0.0565,0.029,0.1736,0.0965
55,A panda skateboarding down a hill in a neon nightclub,0.847294,0.44845944875,0.8681491453468749,4.5,0.875,0.3091,0.6508,0.3952,0.0281,0.1635,0.1956,0.1132
56,A crab mountaineer tending a beehive,0.820896,0.438108762899875,0.8716528256595,3.25,0.5625,0.1757,0.4263,0.3075,0.0802,0.0043,0.1307,0.0823
57,A mantis blacksmith flying a hot air balloon,0.836368,0.4531320853395,0.861321332448,3.75,0.6875,0.2474,0.554,0.3788,0.08,0.0474,0.1687,0.1029
58,A cheerful snail ranger with a small telescope,0.832373,0.441019629752,0.871997171596875,4.0,0.75,0.232,0.535,0.407,0.0649,0.0843,0.1854,0.109
59,A hippo and a zebra blowing glass ornaments,0.838051,0.420636661088,0.876985980573875,3.25,0.5625,0.2525,0.5623,0.3981,0.0006,0.0582,0.1523,0.0776
60,A badger detective in a misty valley,0.833177,0.4981660739874999,0.868913144952,4.5,0.875,0.3631,0.7282,0.4308,0.1166,0.1417,0.2297,0.1471
61,A beaver and a snail knitting a scarf,0.836529,0.457749106996875,0.864684189182,3.25,0.5625,0.2672,0.5887,0.3267,0.0703,0.1148,0.1706,0.1095
62,A newt jeweler playing a tiny violin,0.836933,0.3963818069579999,0.864689235349875,3.75,0.6875,0.1941,0.4709,0.2818,0.0309,0.0575,0.1234,0.0749
63,"A duck sipping tea in a garden in an autumn park, photorealistic",0.829883,0.478419239948875,0.864446014578875,3.75,0.6875,0.2745,0.6027,0.4563,0.0124,0.0509,0.1732,0.0857
64,A elephant reading tarot cards at a mountain lake at sunrise,0.834728,0.4773004987499999,0.8865699964195,3.5,0.625,0.3647,0.7291,0.4088,0.0332,0.0999,0.1806,0.103
65,A mantis teacher in a cozy library,0.832597,0.457916212371875,0.8512994051755001,3.75,0.6875,0.2021,0.4727,0.4286,0.2129,0.173,0.2715,0.1829
66,A turtle riding a unicycle on a rooftop at night,0.840537,0.440560184832,0.876860580324875,3.75,0.6875,0.2927,0.6257,0.3732,0.0592,0.129,0.1871,0.1143
67,A cheerful whale clockmaker with a slice of cake,0.831414,0.486504056096875,0.8613799503995,3.75,0.6875,0.2972,0.6309,0.4685,0.1181,0.1213,0.236,0.145
68,A dog weaver in a cozy library,0.81965,0.4747032571195,0.858781112333875,3.25,0.5625,0.1944,0.4605,0.3592,0.1046,0.0821,0.182,0.1168
69,"A jellyfish blowing glass ornaments in a sunflower field, with bold vi",0.831818,0.470003494729875,0.860186063662,3.5,0.625,0.2534,0.5645,0.4621,0.0054,0.0655,0.1776,0.0867
70,A cheerful axolotl beekeeper with a knitted scarf,0.833656,0.461334151083875,0.853830741198,3.75,0.6875,0.2232,0.5103,0.3284,0.0984,0.0849,0.1706,0.1119
71,A raccoon acrobat exploring a cave,0.838425,0.4814917528595,0.850652918671875,3.25,0.5625,0.2797,0.5994,0.3907,0.1105,0.1816,0.2276,0.1489
72,A alpaca detective on a rainy street,0.822656,0.463710990693875,0.847597268099875,4.25,0.8125,0.1384,0.3404,0.3742,0.0803,0.1015,0.1853,0.1149
73,A cheerful chameleon judge with a basket of apples,0.827441,0.4867278964848751,0.871999808248,3.75,0.6875,0.3022,0.6507,0.3892,0.0351,0.0148,0.1464,0.08
74,"A raccoon racing a paper airplane, in soft pastel colors",0.852452,0.434927608721875,0.8566233991179999,3.0,0.5,0.266,0.5864,0.3051,0.0767,0.0841,0.1553,0.1017
75,"A penguin sketching in a cafe, in soft pastel colors",0.836562,0.4539483201795,0.885389213738875,3.5,0.625,0.3164,0.6612,0.4258,0.1154,0.166,0.2358,0.15
76,A lion violinist conducting an orchestra,0.822194,0.467608626846875,0.8683993267468749,3.25,0.5625,0.2168,0.5125,0.4084,0.0597,0.0959,0.188,0.1105
77,A moth archer painting a mural,0.829729,0.4204430931519999,0.8665456112620001,3.5,0.625,0.1858,0.4449,0.3182,0.0302,0.0928,0.1471,0.0874
78,A giraffe rowing across a misty lake on a wooden bridge,0.856508,0.479779103534875,0.890408296899875,2.5,0.375,0.5081,0.8979,0.4421,0.0569,0.0884,0.1958,0.1134
79,A jellyfish and a robin rowing across a misty lake,0.838713,0.4428072654988749,0.873434841089875,3.75,0.6875,0.2774,0.6041,0.3754,0.0382,0.0705,0.1614,0.0933
80,A turtle and a jellyfish planting a bonsai tree,0.84856,0.465494893982,0.8848305291195,3.5,0.625,0.4108,0.7826,0.388,0.0546,0.0232,0.1553,0.0899
81,"A ferret blowing glass ornaments, in a dreamy haze",0.842044,0.4619786552619999,0.8654199247355,3.5,0.625,0.3078,0.6483,0.4323,-0.0023,0.0957,0.1752,0.0892
82,A squirrel blowing glass ornaments in a lavender meadow,0.827302,0.4685709482688749,0.87296287795,3.5,0.625,0.2572,0.5848,0.4485,0.025,0.027,0.1668,0.0836
83,A koala mixing a bubbling potion in a bustling market,0.855421,0.500401551523875,0.8994780400619999,4.5,0.875,0.559,0.9583,0.4956,0.0418,0.058,0.1984,0.103
84,A tiny platypus holding a bowl of ramen on a cliff overlooking the sea,0.84967,0.475121458062,0.865741926858875,3.5,0.625,0.3832,0.7468,0.3526,0.0458,0.152,0.1834,0.1143
85,A snail writing a letter in a sunflower field,0.841712,0.4062603554538749,0.8593882563995,3.75,0.6875,0.2011,0.4824,0.3834,0.0562,0.0938,0.1778,0.1047
86,"A elephant mixing a bubbling potion, in warm golden light",0.842565,0.4598136938875,0.898043079168,4.0,0.75,0.3778,0.7363,0.406,0.0089,0.0531,0.156,0.0816
87,A beetle sailor in a cluttered workshop,0.827928,0.473041295398875,0.87568021195,3.25,0.5625,0.2775,0.6178,0.2788,0.0261,0.1246,0.1431,0.0895
88,A walrus dancing in the rain at a mountain lake at sunrise,0.841971,0.5017264545968749,0.8954496308398749,4.5,0.875,0.5049,0.8899,0.4184,0.0291,0.0146,0.154,0.081
89,A beetle juggling glowing orbs in a snowy village,0.839808,0.521342335718875,0.876544789794875,4.0,0.75,0.5162,0.9061,0.466,0.1173,0.0247,0.2027,0.119
90,A tiny ant holding a bouquet of wildflowers in a greenhouse,0.855671,0.3838471621954999,0.8940296500848751,3.75,0.6875,0.334,0.7073,0.2858,0.1044,0.0259,0.1387,0.0934
91,A robin and a jellyfish racing a paper airplane,0.844906,0.469311624622,0.883138356599875,2.25,0.3125,0.3973,0.7669,0.4358,0.0682,0.1385,0.2142,0.1286
92,A cheerful octopus barber with a steaming teacup,0.840415,0.449121741096875,0.852835974296875,4.0,0.75,0.2205,0.5101,0.398,0.0614,0.1137,0.191,0.1145
93,A hippo sipping tea in a garden on a rainy street,0.834352,0.471460263552,0.8537812808874999,4.25,0.8125,0.2407,0.5422,0.4254,0.0223,0.0348,0.1608,0.0833
94,A pony beekeeper in an enchanted forest,0.828927,0.4345048820395,0.874252688634875,3.5,0.625,0.2164,0.5036,0.3256,0.1002,0.0518,0.1592,0.103
95,A tiny cat holding a bunch of balloons in a coral reef,0.840169,0.4711558955499999,0.861539344589875,4.75,0.9375,0.3015,0.6397,0.4107,0.0586,0.1342,0.2011,0.1208
96,"A ladybug reading a giant book at a mountain lake at sunrise, in soft ",0.843622,0.4823532879875,0.881444073263875,4.25,0.8125,0.4154,0.7966,0.4541,-0.0173,0.1747,0.2039,0.1038
97,"A mantis painting a mural, in a dreamy haze",0.836812,0.4278293204954999,0.882956483779875,3.5,0.625,0.269,0.5872,0.3762,0.0359,0.0739,0.162,0.0928
98,"A rhino playing a tiny violin, watercolor style",0.846751,0.4537451358,0.8712309347980001,3.75,0.6875,0.3328,0.683,0.4003,-0.0336,0.0234,0.13,0.0568
99,A tiny mole holding a steaming teacup on a cliff overlooking the sea,0.84708,0.480848299582,0.827621824463875,3.75,0.6875,0.1919,0.4794,0.4565,0.118,0.1314,0.2353,0.1469
100,A robin and a snail rowing across a misty lake,0.852637,0.474697971846875,0.8521775940788751,4.25,0.8125,0.321,0.6648,0.4542,0.0567,0.0394,0.1834,0.1004
101,A hare watering a rooftop garden in a coral reef,0.845399,0.465019216314875,0.872341772663875,3.75,0.6875,0.3544,0.7154,0.3959,0.0848,0.1266,0.2024,0.1273
102,"A scorpion exploring a cave in an enchanted forest, photorealistic",0.835959,0.5101635094968751,0.843556243008,4.5,0.875,0.286,0.6161,0.4083,0.1127,0.08,0.2003,0.1273
103,"A goat tuning a grand piano, watercolor style",0.843675,0.4701886608,0.8707040016795,3.75,0.6875,0.3528,0.7142,0.4436,0.029,0.1411,0.2046,0.1141
104,"A pony tuning a grand piano, photorealistic",0.818577,0.4613518935938749,0.839781618343875,3.5,0.625,0.1107,0.2685,0.409,0.0788,0.0496,0.1792,0.1048
105,A tiny cat holding an old brass compass in a misty valley,0.841824,0.462921915262,0.8543888901138751,4.75,0.9375,0.2611,0.5757,0.441,0.0566,0.0757,0.1911,0.108
106,A dolphin baker in a bustling market,0.836725,0.4245440468468749,0.8547041530468751,3.25,0.5625,0.1834,0.4422,0.2853,0.0626,0.0531,0.1337,0.0857
107,A cheerful lamb sailor with a wooden music box,0.828808,0.449300830693875,0.850085850302,4.0,0.75,0.1587,0.3888,0.3352,0.05,0.1454,0.1769,0.109
108,A fox mountaineer knitting a scarf,0.843996,0.477184093754875,0.886253370118875,3.5,0.625,0.4223,0.7982,0.3517,0.0815,0.0918,0.175,0.113
109,"A pony sipping tea in a garden in a cherry blossom park, in soft paste",0.846748,0.4562530605794999,0.8878584790755,3.5,0.625,0.3859,0.7487,0.3145,0.0616,0.1316,0.1692,0.1094
110,A tiny lamb holding a basket of apples in a misty valley,0.852209,0.450980892884875,0.8924657783875,4.5,0.875,0.3971,0.7636,0.4068,0.0308,0.0065,0.148,0.0784
111,A fox and a lemur dancing in the rain,0.85349,0.51336554355,0.8825451359875,4.25,0.8125,0.5772,0.9802,0.418,0.0294,0.051,0.1661,0.0918
112,"A moth dancing in the rain, watercolor style",0.845716,0.4405194825995,0.876575996221875,4.25,0.8125,0.3119,0.655,0.3828,-0.0445,0.0554,0.1312,0.0583
113,A bumblebee forging a silver key in a candlelit cafe,0.838714,0.447507253502,0.857212325233875,4.25,0.8125,0.2289,0.5244,0.4178,0.1547,0.1287,0.2337,0.1524
114,A rhino and a ant racing a paper airplane,0.829932,0.433134484268875,0.855938037563875,3.5,0.625,0.1698,0.4112,0.3951,0.0626,0.1243,0.194,0.1156
115,A bear conducting an orchestra in a bustling market,0.843511,0.513558250033875,0.8817765138395,3.75,0.6875,0.5511,0.9466,0.4569,0.0464,0.0583,0.1872,0.1026
116,A tiny otter holding a cup of hot cocoa in a cozy library,0.843702,0.490820202871875,0.880532195879875,3.75,0.6875,0.4493,0.8337,0.4241,0.1507,0.1517,0.2422,0.1614
117,A mole locksmith repairing a pocket watch,0.835265,0.429607452078,0.8696397303954999,3.25,0.5625,0.2308,0.5267,0.3408,0.0655,0.2247,0.2103,0.1312
118,A scorpion and a alpaca rowing across a misty lake,0.839301,0.441589546048,0.8694531520848751,3.25,0.5625,0.2673,0.5873,0.3702,0.064,0.0764,0.1702,0.1034
119,A ferret racing a paper airplane in a sunflower field,0.844789,0.4664819558468749,0.8856576124098751,3.5,0.625,0.3946,0.7635,0.4257,0.0546,0.1575,0.2126,0.1267
120,"A donkey planting a bonsai tree in a greenhouse, in warm golden light",0.854352,0.478925816188875,0.8932400486719999,3.75,0.6875,0.5021,0.8872,0.4831,-0.01,0.0084,0.1605,0.0668
121,"A goose tuning a grand piano, with bold vivid colors",0.836964,0.465851225428875,0.8787311774995001,3.75,0.6875,0.3253,0.682,0.4222,0.0863,0.0519,0.1868,0.111
122,"A spider conducting an orchestra, in warm golden light",0.831535,0.4226769446355,0.858406669448875,3.5,0.625,0.1725,0.4187,0.4389,-0.0497,0.0582,0.1491,0.0597
123,"A beetle reading a giant book in a sunflower field, in warm golden lig",0.84898,0.491051093829875,0.877991117502,3.5,0.625,0.4737,0.8607,0.4737,0.0483,0.0701,0.1974,0.1072
124,A rhino ranger photographing the moon,0.834411,0.441687022272,0.864322894188875,3.5,0.625,0.228,0.5221,0.3679,0.0926,0.0573,0.1726,0.1078
125,A wombat and a elephant folding origami cranes,0.841619,0.414794611232,0.884251448614875,3.5,0.625,0.2786,0.6037,0.383,0.0353,0.1144,0.1775,0.1022
126,A iguana cobbler exploring a cave,0.836745,0.4619458927554999,0.8938003111980001,4.0,0.75,0.3464,0.698,0.3498,0.1399,0.0599,0.1832,0.1223
127,"A llama fishing off a wooden pier, in gentle morning light",0.842285,0.44064851195,0.8785240044875001,3.5,0.625,0.3064,0.6448,0.4059,0.0726,0.0428,0.1738,0.1021
128,A sloth and a turtle ice skating at night,0.83853,0.479432360894875,0.871338920222,4.25,0.8125,0.3441,0.7092,0.4338,0.1042,0.0453,0.1944,0.1169
129,A tiny flamingo holding a bouquet of wildflowers in an enchanted fores,0.858659,0.4683293315195,0.884547768909875,3.5,0.625,0.4721,0.8548,0.424,0.0314,0.0727,0.176,0.0976
130,A otter florist beside a waterfall,0.818797,0.449260671548875,0.866622302248875,4.25,0.8125,0.1482,0.3691,0.3936,0.0674,0.0698,0.1769,0.1044
131,A kangaroo tuning a grand piano on a cliff overlooking the sea,0.853512,0.5089142263355,0.8799830101995,3.75,0.6875,0.5786,0.9802,0.4693,0.0232,0.0536,0.182,0.093
132,A bear bookbinder planting a bonsai tree,0.844653,0.4917042186718749,0.856703107739875,3.5,0.625,0.3726,0.7274,0.3743,0.0692,0.0308,0.1581,0.0959
133,A narwhal skier picking apples in autumn,0.832995,0.499451282496875,0.860225431928,3.75,0.6875,0.3463,0.6945,0.446,0.0474,0.064,0.1858,0.1027
134,A beaver beekeeper on a rooftop at night,0.841155,0.448074399873875,0.8897466129248749,4.25,0.8125,0.3344,0.6831,0.3684,0.0745,0.1222,0.1884,0.1184
135,A goat firefighter picking apples in autumn,0.817171,0.5069002815754999,0.8394513720838749,3.25,0.5625,0.1804,0.4384,0.4033,0.033,0.0646,0.167,0.0933
136,A cheerful hedgehog magician with a wooden music box,0.839828,0.4814563034948749,0.877292838268875,3.5,0.625,0.3816,0.756,0.3618,0.0521,0.0923,0.1687,0.1037
137,A kangaroo playing a tiny violin on a foggy harbor,0.842186,0.44260668555,0.8589245907738751,4.25,0.8125,0.2422,0.5472,0.4396,0.0324,0.102,0.1913,0.1043
138,A cheerful salamander magician with a pocket watch,0.829674,0.4614718435755,0.8604624711995,3.75,0.6875,0.2253,0.518,0.3997,0.0166,0.0932,0.1698,0.093
139,A elephant and a spider flying a hot air balloon,0.834179,0.4297601941795,0.8796002890354999,3.25,0.5625,0.2503,0.5589,0.438,0.0752,0.1035,0.2055,0.12
140,"A beetle folding origami cranes on a cliff overlooking the sea, in a w",0.84455,0.4521502479948751,0.878464693952,3.5,0.625,0.3394,0.693,0.3538,0.0779,0.1204,0.184,0.1176
141,A cheerful camel fisherman with a wooden music box,0.839188,0.4280840873355,0.8917466411555,3.75,0.6875,0.2978,0.6288,0.3502,0.011,0.0693,0.1435,0.08
142,A tiny gecko holding a small telescope in a lantern-lit alley,0.848294,0.5106877595988749,0.8791245082498751,4.5,0.875,0.5367,0.9327,0.4202,0.1482,0.1172,0.2286,0.1525
143,A crab jeweler repairing a pocket watch,0.833989,0.418415473489875,0.8529225795355,3.5,0.625,0.1602,0.3963,0.3292,0.1576,0.1274,0.2048,0.1381
144,A tiny turtle holding a jar of fireflies on a floating island,0.842989,0.4483948951998749,0.860712919668875,3.75,0.6875,0.2686,0.5863,0.3925,0.1211,0.0491,0.1876,0.1187
145,A mantis and a llama playing a tiny violin,0.841509,0.4799956641755,0.876102372744875,2.5,0.375,0.3861,0.7582,0.4318,0.0315,0.0819,0.1817,0.1001
146,"A peacock solving a crossword, in a whimsical cartoon style",0.824059,0.448569642578875,0.8741553393995,3.75,0.6875,0.2089,0.4955,0.4275,0.0759,0.0775,0.1936,0.1129
147,A penguin carpenter tuning a grand piano,0.844911,0.4597386418874999,0.8841668989548749,3.75,0.6875,0.3742,0.7377,0.3839,0.0848,0.1092,0.1926,0.1216
148,A mantis and a wombat tuning a grand piano,0.840732,0.476212838133875,0.8572897279820001,3.0,0.5,0.3071,0.6412,0.443,0.0657,0.1069,0.2052,0.12
149,A robin teacher on a rooftop at night,0.82388,0.4491976792,0.845764595746875,3.75,0.6875,0.1328,0.3264,0.386,0.0818,0.1504,0.2061,0.1275
150,"A moth picking apples in autumn in a cozy library, in a cozy hand-draw",0.834847,0.5008049764875,0.855686286024875,3.5,0.625,0.3436,0.688,0.4526,0.0742,0.0499,0.1923,0.1093
151,"A whale reading a giant book in a candlelit cafe, in warm golden light",0.851141,0.501222937329875,0.877987219694875,3.75,0.6875,0.5266,0.9201,0.4623,0.0613,0.1669,0.2302,0.1374
152,"A giraffe mixing a bubbling potion at a countryside fair, in gentle mo",0.850204,0.469718673822,0.8776001228620001,3.5,0.625,0.4097,0.784,0.4182,-0.0178,0.012,0.1375,0.0617
153,A shark baker sipping tea in a garden,0.827351,0.4841804129298749,0.875318589048,4.25,0.8125,0.2941,0.644,0.417,0.0779,0.0634,0.1861,0.1105
154,"A shark brewing coffee at dawn in a misty valley, in a dreamy haze",0.836194,0.450345118404875,0.874095052649875,3.75,0.6875,0.2777,0.6084,0.3864,0.0901,0.1141,0.1969,0.1236
155,"A dog blowing glass ornaments in a cluttered workshop, in a whimsical ",0.848333,0.448672629378875,0.8789322728888751,3.75,0.6875,0.3535,0.7092,0.3929,0.0378,0.0944,0.1751,0.1014
156,A tiger acrobat on a wooden bridge,0.846665,0.473343377613875,0.8682151021198751,3.5,0.625,0.3704,0.7337,0.3386,0.0117,0.0317,0.1273,0.0716
157,A llama skier on a rooftop at night,0.834457,0.4686572062,0.879711197952,3.25,0.5625,0.319,0.6747,0.402,0.0687,0.111,0.1939,0.1178
158,"A wombat balancing on a tightrope, watercolor style",0.848788,0.406508644153875,0.865239779313875,3.5,0.625,0.2483,0.5638,0.2771,-0.0193,0.0986,0.1188,0.0651
159,A tiny wolf holding a vintage camera in a bustling market,0.8448,0.501223906109875,0.8790726297520001,4.0,0.75,0.4824,0.8724,0.4547,0.0954,0.1592,0.2364,0.1477
160,A cheerful donkey wizard with a slice of cake,0.829823,0.464074324754875,0.876116624296875,4.25,0.8125,0.2649,0.5992,0.3969,0.087,0.0276,0.1705,0.1018
161,A tiny giraffe holding a jar of fireflies in a bamboo grove,0.848615,0.4823987958994999,0.872402291448875,3.5,0.625,0.4228,0.8002,0.4096,0.0768,0.0368,0.1744,0.1037
162,A dolphin brewing coffee at dawn at a countryside fair,0.839827,0.472158452638,0.8938659936348751,3.5,0.625,0.4027,0.7671,0.382,0.0519,-0.0006,0.1445,0.0817
163,A lamb baker in a lantern-lit alley,0.832111,0.4898951568754999,0.860137581633875,2.75,0.4375,0.3091,0.6438,0.2915,0.1444,0.1181,0.1847,0.1295
164,A otter reading under an umbrella in a cozy library,0.838847,0.4855550929195,0.8861090466479999,4.25,0.8125,0.41,0.7873,0.4456,0.0985,0.1227,0.2223,0.1373
165,A crow teacher brewing coffee at dawn,0.815614,0.475238212088,0.8490753094395,3.5,0.625,0.1484,0.3608,0.334,0.0945,-0.0576,0.1236,0.0733
166,"A turtle playing a tiny violin, in a vintage storybook style",0.834271,0.463547356658875,0.874412544503875,3.75,0.6875,0.2919,0.6355,0.3596,0.0024,0.0615,0.1412,0.0767
167,A dragonfly building a sandcastle in an autumn park,0.840808,0.4715850449875,0.874857482078875,4.0,0.75,0.3465,0.7125,0.4527,0.0058,0.0509,0.1698,0.083
168,A tiny bat holding a stack of books in a lavender meadow,0.845251,0.4404357268555,0.8833124616755,4.5,0.875,0.3269,0.6744,0.4122,0.0791,0.025,0.1721,0.1005
169,A cat climbing a snowy peak at a mountain lake at sunrise,0.838636,0.497868647712,0.8833617615555,4.25,0.8125,0.444,0.828,0.377,0.0609,0.0893,0.1757,0.1085
170,A chinchilla juggler on a train platform,0.849003,0.4610549467179999,0.873251280621875,3.5,0.625,0.3672,0.7296,0.4401,0.0981,0.1178,0.2186,0.1347
171,"A tiger building a birdhouse in a bustling market, in soft pastel colo",0.852555,0.4807122619394999,0.8825350608955,3.5,0.625,0.4715,0.8561,0.3891,0.0374,0.0885,0.1717,0.101
172,A beaver botanist watering a rooftop garden,0.836307,0.4331216719819999,0.850341539009875,4.25,0.8125,0.1675,0.412,0.3487,0.1391,0.0901,0.1926,0.1277
173,A tiny bumblebee holding an old brass compass on a foggy harbor,0.847625,0.4611903391755,0.882198511118,3.75,0.6875,0.3871,0.7544,0.4682,0.0897,0.1192,0.2257,0.1344
174,A lamb dj on a rooftop at night,0.822764,0.4711434836598749,0.8829113407395001,3.5,0.625,0.2613,0.588,0.3967,0.0748,0.1704,0.214,0.1328
175,A penguin and a chameleon feeding pigeons in a plaza,0.835577,0.4446823949875,0.878232742538875,3.5,0.625,0.2759,0.6033,0.3804,0.0427,0.0697,0.1643,0.0952
176,A squirrel and a giraffe tending a beehive,0.84958,0.470635624768,0.874810187502,4.25,0.8125,0.3929,0.7662,0.3767,0.0076,0.0639,0.1494,0.0817
177,A rhino writing a letter in a lantern-lit alley,0.844974,0.4669998239019999,0.8638364245968749,3.75,0.6875,0.3298,0.677,0.4579,0.1225,0.1436,0.2414,0.1515
178,A cheerful axolotl locksmith with a stack of books,0.841464,0.489940912139875,0.834390942142,3.5,0.625,0.2279,0.532,0.3858,0.1405,0.1578,0.228,0.1532
179,A tiny spider holding a paper airplane in a moonlit garden,0.850097,0.477408465888,0.9043246346875,3.75,0.6875,0.4908,0.8728,0.4528,0.1373,0.1123,0.2341,0.1499
180,A cheerful wombat locksmith with a ball of yarn,0.838616,0.4600746221874999,0.859861664996875,3.25,0.5625,0.2674,0.5849,0.3512,0.1524,0.1144,0.206,0.1398
181,A tiny donkey holding a wooden music box in a bamboo grove,0.851432,0.4632581609355,0.8943267321755001,3.75,0.6875,0.4423,0.8152,0.4752,0.0094,0.1122,0.1989,0.1015
182,A crab folding origami cranes under a starry sky,0.821102,0.470861142621875,0.870258195358,4.0,0.75,0.2039,0.4938,0.3729,0.0823,0.1374,0.1975,0.1246
183,A cheerful dragonfly fencer with a slice of cake,0.836622,0.453432682274875,0.900435907179875,3.0,0.5,0.3454,0.6909,0.4039,0.1345,0.1086,0.2157,0.1399
184,A fox and a pufferfish surfing a big wave,0.839813,0.4872609063875,0.8701554055468751,2.75,0.4375,0.3812,0.7491,0.3473,0.0579,0.1018,0.169,0.1065
185,"A shark building a sandcastle, in a dreamy haze",0.819285,0.4433315365355,0.868236256288875,3.0,0.5,0.1674,0.409,0.3555,0.0307,0.1159,0.1674,0.0976
186,A tiny piglet holding a jar of fireflies on a cliff overlooking the se,0.85105,0.4691923194754999,0.8712474996398749,4.25,0.8125,0.3843,0.7534,0.4036,0.0869,0.0775,0.1893,0.1172
187,A tiny ladybug holding a paper lantern in a desert at noon,0.827826,0.4495017283138749,0.8711835975180001,4.25,0.8125,0.2167,0.5119,0.4168,0.0504,0.1034,0.1902,0.1093
188,A llama florist flying a hot air balloon,0.834974,0.4602360983679999,0.8903050443155001,3.5,0.625,0.3328,0.6804,0.4134,0.0235,0.0485,0.1618,0.0864
189,"A shark reading tarot cards in a moonlit garden, photorealistic",0.831659,0.490960819552,0.885158358671875,3.75,0.6875,0.3841,0.7539,0.4824,0.0387,0.0903,0.2038,0.1086
190,A cheerful shark jeweler with a paper lantern,0.833981,0.4729933260795,0.8576498928795,3.25,0.5625,0.2638,0.5782,0.2972,0.139,0.087,0.1744,0.1206
191,A hamster chasing fireflies in a misty valley,0.840285,0.4560957631888749,0.8761378968879999,4.25,0.8125,0.3119,0.6617,0.4003,0.0845,0.0526,0.1791,0.1084
192,A chinchilla mountaineer photographing the moon,0.845065,0.4898927262248749,0.8594495053548751,4.5,0.875,0.3734,0.7327,0.4155,0.068,0.1073,0.1969,0.1195
193,A dolphin and a beetle carving a wooden spoon,0.830345,0.4594674886155,0.8697564059499999,3.75,0.6875,0.2495,0.5674,0.3821,0.0743,0.0893,0.1819,0.1115
194,A hippo and a beetle skateboarding down a hill,0.839047,0.4637319748994999,0.8717951769548751,3.5,0.625,0.3135,0.6632,0.4099,0.0417,0.0614,0.171,0.0963
195,A kangaroo and a seahorse climbing a snowy peak,0.853572,0.4901353239988749,0.8797803988875,3.75,0.6875,0.5018,0.8917,0.4561,-0.0125,0.0589,0.1675,0.0785
196,A tiny peacock holding an old brass compass at a countryside fair,0.844961,0.4388857441098749,0.8814122797388749,3.5,0.625,0.3245,0.6686,0.4342,0.0204,0.0844,0.1797,0.0952
197,A alpaca violinist exploring a cave,0.831103,0.486669237328875,0.8723131564875,3.5,0.625,0.3267,0.685,0.4616,0.0413,0.023,0.1753,0.0898
198,"A goose building a sandcastle, in a vintage storybook style",0.82908,0.4616306968,0.855304132348875,4.0,0.75,0.1995,0.4711,0.4228,-0.0565,0.0386,0.135,0.0523
199,A tiny butterfly holding a basket of apples in a lavender meadow,0.846642,0.4439383874395,0.882983658368,4.5,0.875,0.3399,0.6924,0.3839,0.0469,0.0497,0.1602,0.0929
200,A tiny badger holding a bouquet of wildflowers in a sunflower field,0.850754,0.4511126668848749,0.880210242478,4.25,0.8125,0.3664,0.7284,0.4175,0.1109,0.0682,0.1989,0.124
201,A mole lighthouse keeper climbing a snowy peak,0.8395,0.4287018742755,0.8651668915180001,3.5,0.625,0.2362,0.5355,0.3431,0.0846,0.0189,0.1489,0.0929
202,A newt blacksmith in a snowy village,0.829823,0.485920647104875,0.875240240028875,2.5,0.375,0.3268,0.6829,0.3813,0.1057,0.0328,0.1733,0.1082
203,A hedgehog magician in a sunflower field,0.834873,0.489098889721875,0.8810994288320001,4.5,0.875,0.3799,0.7554,0.379,-0.0034,0.008,0.1279,0.0635
204,"A shark flying a kite in a storm, watercolor style",0.848096,0.460675298714875,0.889373676152,3.25,0.5625,0.4077,0.7753,0.3596,-0.0472,0.0457,0.1194,0.0537
205,A tiny dolphin holding a small telescope in an autumn park,0.845312,0.4725955883995,0.8987156969875,3.25,0.5625,0.4449,0.816,0.4407,0.008,0.0615,0.1701,0.0863
206,A duck and a hedgehog dancing in the rain,0.843965,0.4466262419519999,0.8813457975138749,3.75,0.6875,0.3334,0.6826,0.4061,0.0037,-0.0586,0.1171,0.0507
207,A cheerful lemur paramedic with a glowing lantern,0.840314,0.4827802200795,0.888354834622,4.0,0.75,0.4165,0.7925,0.386,0.1046,0.1896,0.2267,0.1491
208,"A shark repairing a pocket watch on a wooden bridge, watercolor style",0.84576,0.4355300360879999,0.8818354298998751,3.25,0.5625,0.3237,0.6668,0.4364,0.0843,0.154,0.2249,0.1365
209,"A axolotl conducting an orchestra, in warm golden light",0.82568,0.448254221103875,0.817888121144875,3.75,0.6875,0.0637,0.1238,0.4265,0.0509,0.0522,0.1765,0.0972
210,A snail baking sourdough in a coral reef,0.838905,0.3968386353595,0.872102433794875,3.0,0.5,0.2238,0.523,0.3141,0.0854,0.1065,0.1687,0.1083
211,"A ant sketching in a cafe on a foggy harbor, in a cozy hand-drawn styl",0.839976,0.461973826488,0.8600568800355001,3.5,0.625,0.2791,0.6027,0.4725,0.1381,0.1483,0.253,0.1588
212,A gecko weaver folding origami cranes,0.829863,0.445263240393875,0.8806709650554999,3.75,0.6875,0.2505,0.5642,0.3178,0.0317,0.0584,0.136,0.0813
213,A cheerful ferret referee with a ball of yarn,0.833556,0.4685029653718749,0.870666110462,4.5,0.875,0.2837,0.6255,0.399,0.1047,0.1016,0.2018,0.1276
214,"A chinchilla conducting an orchestra in a lavender meadow, watercolor ",0.841941,0.4834828210048749,0.8617585982448751,3.5,0.625,0.3521,0.7052,0.4434,0.0085,0.0204,0.1574,0.0758
215,A robin gardening on a balcony in a bustling market,0.846094,0.473373154219875,0.8661987406720001,3.5,0.625,0.3607,0.7198,0.419,0.0666,0.064,0.1832,0.1076
216,A tiny llama holding a stack of books under a starry sky,0.846585,0.461628096958,0.866209518702,4.25,0.8125,0.3276,0.6776,0.4118,0.0436,0.1047,0.1867,0.1081
217,"A beetle repairing a pocket watch, in a whimsical cartoon style",0.83386,0.4326076704395,0.873555372448,4.0,0.75,0.2311,0.5311,0.3879,0.1648,0.2071,0.2533,0.169
218,A zebra jeweler in a greenhouse,0.840891,0.455382971968875,0.8675481010998749,3.25,0.5625,0.2943,0.6298,0.3694,0.0954,0.0245,0.1631,0.1015
219,A cheerful hamster astronaut with a wooden music box,0.835347,0.463013783573875,0.851001369272,3.75,0.6875,0.2233,0.5105,0.3808,0.1055,0.2255,0.2373,0.1539
220,A tiny lobster holding a bunch of balloons in a neon nightclub,0.846131,0.445637207144875,0.864114935246875,4.5,0.875,0.2845,0.6139,0.4137,0.0236,0.0859,0.1744,0.0954
221,A jellyfish ranger gardening on a balcony,0.822782,0.4582897595995,0.8712986091180001,2.75,0.4375,0.2129,0.5007,0.3582,0.1015,0.1421,0.2006,0.1297
222,A hippo violinist mixing a bubbling potion,0.839781,0.454920156923875,0.876578176453875,3.25,0.5625,0.313,0.6603,0.3886,0.0838,0.0305,0.1676,0.1012
223,A axolotl professor juggling glowing orbs,0.824136,0.4844593065898749,0.8314993155748751,3.25,0.5625,0.1329,0.3385,0.3683,0.2014,0.2179,0.2625,0.1815
224,A raccoon riding a unicycle on a foggy harbor,0.847076,0.4762081952355,0.851875180444875,4.5,0.875,0.3033,0.6382,0.4562,0.1027,0.1473,0.2354,0.1456
225,A tiny bumblebee holding a ball of yarn in a cluttered workshop,0.850328,0.4790837161218749,0.859401868059875,3.75,0.6875,0.3728,0.7298,0.4402,0.0382,0.1128,0.1971,0.1113
226,A tiny elephant holding an old brass compass in an autumn park,0.834838,0.403206266113875,0.880363941438,4.25,0.8125,0.1948,0.4694,0.445,0.0291,0.0849,0.1863,0.0978
227,A tiny lion holding a jar of fireflies in a desert at noon,0.849951,0.4452976796875,0.875917618603875,3.75,0.6875,0.3459,0.6986,0.398,0.075,0.0198,0.1643,0.0968
228,A cheerful elephant gardener with a pocket watch,0.842218,0.425748561113875,0.868077920558,3.75,0.6875,0.2537,0.5643,0.3842,0.0799,0.0198,0.1613,0.0962
229,A rhino astronomer on a floating island,0.833329,0.474544702743875,0.8812189657795,4.25,0.8125,0.3256,0.6865,0.3738,0.1389,0.1468,0.2198,0.1475
230,A tiny fox holding a glowing lantern under a starry sky,0.848402,0.473553401489875,0.8772212862,4.5,0.875,0.4027,0.7794,0.375,0.0428,0.0807,0.1662,0.0991
231,A seahorse juggler on a rainy street,0.836647,0.4657972892479999,0.8964676488148751,3.75,0.6875,0.3707,0.7248,0.4344,-0.0243,0.0453,0.1518,0.0682
232,"A dolphin carving a wooden spoon, in a vintage storybook style",0.845355,0.4735183772138749,0.8725137418755,3.75,0.6875,0.377,0.7458,0.353,0.0047,0.1418,0.1665,0.0959
233,A tiny duck holding a ball of yarn on a rooftop at night,0.846117,0.4786449871875,0.8692934015288749,4.25,0.8125,0.3805,0.7504,0.4671,0.0887,0.1317,0.2292,0.1378
234,A cheerful sloth cobbler with a bowl of ramen,0.828677,0.436186679298875,0.8444146860238749,3.25,0.5625,0.1309,0.3256,0.3328,0.1682,0.1242,0.2084,0.1413
235,"A pony surfing a big wave on a train platform, in soft pastel colors",0.838681,0.4792897564355,0.8576966167679999,4.5,0.875,0.2999,0.634,0.4439,0.0542,0.0683,0.1888,0.1059
236,"A pony tuning a grand piano, in a vintage storybook style",0.830881,0.428544996098875,0.867232218448875,3.5,0.625,0.2017,0.4749,0.3568,0.0379,0.0813,0.1587,0.0927
237,A tiny lion holding a paper airplane on a rainy street,0.849217,0.471145025319875,0.8580219764995001,4.0,0.75,0.3309,0.6774,0.4209,0.0923,0.051,0.188,0.1136
238,A cheerful sloth knight with a jar of fireflies,0.832992,0.523211996878,0.843700865923875,3.75,0.6875,0.3546,0.7088,0.3356,0.0845,0.1004,0.1735,0.1146
239,A lemur and a lion racing a paper airplane,0.839578,0.4913665,0.8611908395968749,3.25,0.5625,0.3622,0.7171,0.4389,0.0547,0.1163,0.2033,0.1186
240,A mantis perfumer on a rooftop at night,0.824823,0.448331719023875,0.8891051218555001,4.25,0.8125,0.233,0.5337,0.4613,0.0601,0.0988,0.2068,0.1156
241,A goose drummer in a candlelit cafe,0.825458,0.453668700379875,0.8685347615554999,3.0,0.5,0.2108,0.4984,0.4088,0.0557,0.118,0.1942,0.1139
242,A cheerful hummingbird jeweler with a steaming teacup,0.836334,0.4430324059875,0.8772870200955,3.75,0.6875,0.2751,0.6014,0.4025,0.083,0.0912,0.1922,0.1171
243,A seahorse magician playing a tiny violin,0.840697,0.4721180763554999,0.8517715038,3.5,0.625,0.2724,0.5892,0.3976,0.0573,0.0558,0.1703,0.0997
244,A tiny elephant holding a small telescope at a mountain lake at sunris,0.846438,0.495175702659875,0.8903017343755,4.25,0.8125,0.5001,0.8878,0.3866,0.0695,0.0985,0.1849,0.1156
245,A hummingbird archer on a foggy harbor,0.838606,0.514469157373875,0.8774533497279999,4.25,0.8125,0.4876,0.875,0.4404,0.0914,0.0581,0.1966,0.1177
246,A cat sailor reading tarot cards,0.82072,0.456612058044875,0.849863742462,3.75,0.6875,0.1432,0.3492,0.3674,0.1532,0.1999,0.2402,0.1602
247,A beetle carpenter in a neon nightclub,0.836113,0.4591697322298749,0.857974054558,2.75,0.4375,0.2473,0.5506,0.2941,0.1473,0.1112,0.1842,0.1279
248,A lemur perfumer baking sourdough,0.806432,0.491794061454875,0.841217861088,4.0,0.75,0.0474,0.0,0.3867,0.0563,0.0827,0.1752,0.1034
249,"A pufferfish building a birdhouse, in warm golden light",0.851898,0.4915854415819999,0.8794560740998749,3.5,0.625,0.4969,0.8864,0.4783,0.0608,0.0498,0.1963,0.1068
250,A tiny giraffe holding a small telescope beside a waterfall,0.852334,0.464013151168,0.8937077036354999,3.75,0.6875,0.4478,0.8221,0.3574,0.0682,0.0591,0.1616,0.1011
251,A kangaroo magician juggling glowing orbs,0.844211,0.490744815488,0.8904274549995,3.25,0.5625,0.4818,0.8643,0.3815,0.0389,0.1196,0.18,0.1084
252,"A goose sketching in a cafe in a desert at noon, in a whimsical cartoo",0.823568,0.489973036763875,0.877209091734875,3.75,0.6875,0.3015,0.6494,0.5186,0.1062,0.0807,0.2352,0.133
253,A crab watering a rooftop garden on a foggy harbor,0.84936,0.482790018721875,0.874338986539875,3.0,0.5,0.4346,0.8148,0.4827,0.0691,0.0666,0.2061,0.1145
254,"A piglet racing a paper airplane in a snowy village, watercolor style",0.84925,0.4552400292198749,0.869905622274875,4.25,0.8125,0.3378,0.6914,0.4115,0.0326,0.1157,0.1866,0.1064
255,A tiny ferret holding a ball of yarn on a wooden bridge,0.849495,0.4575133236355,0.881960391502,4.25,0.8125,0.3803,0.7472,0.3754,0.1259,0.0903,0.1972,0.1301
256,A cheerful axolotl jeweler with a paper airplane,0.847164,0.458956108878,0.853998017371875,3.75,0.6875,0.2811,0.6043,0.3702,0.1374,0.2018,0.2364,0.1591
257,A cheerful lamb wizard with a paper airplane,0.828252,0.4450646382048751,0.8625595,3.75,0.6875,0.1975,0.4673,0.3161,0.0329,0.0975,0.1488,0.09
258,"A kangaroo surfing a big wave in a cherry blossom park, photorealistic",0.836215,0.489129637509875,0.8873125661395,4.0,0.75,0.408,0.7835,0.4492,0.0709,0.0403,0.1868,0.1052
259,A firefly weaver chasing fireflies,0.81947,0.418487174339875,0.8484768547154999,3.5,0.625,0.0981,0.2323,0.3538,0.0619,0.0377,0.1511,0.0895
260,"A otter surfing a big wave at a countryside fair, in a vintage storybo",0.841014,0.5019976943155,0.8703555059155,4.0,0.75,0.4335,0.8134,0.409,-0.0689,0.068,0.1361,0.0541
261,"A bear rowing across a misty lake on a foggy harbor, in a whimsical ca",0.83571,0.4837899471875,0.8588990471875,3.75,0.6875,0.3066,0.6415,0.4007,0.0034,0.083,0.1624,0.0866
262,A cheerful panda blacksmith with a basket of apples,0.840407,0.4927713374555,0.896578967392,2.75,0.4375,0.4809,0.858,0.39,0.0725,0.1009,0.1878,0.1172
263,A badger and a elephant flying a kite in a storm,0.831605,0.485235205828875,0.8493483466155001,3.75,0.6875,0.247,0.5486,0.4349,0.0272,0.0555,0.1725,0.0914
264,A cheerful squirrel archaeologist with a tiny umbrella,0.841688,0.435208618471875,0.876984966063875,3.75,0.6875,0.2905,0.6209,0.3859,0.0758,0.0974,0.1864,0.1143
265,"A axolotl repairing a pocket watch beside a waterfall, in warm golden ",0.832358,0.465801522378875,0.8498260443718749,3.0,0.5,0.2097,0.4863,0.4314,0.0736,0.0839,0.1963,0.115
266,A scorpion and a tiger feeding pigeons in a plaza,0.836149,0.4503858439875,0.8395627108738749,3.75,0.6875,0.1572,0.3914,0.4148,0.0698,0.0623,0.1823,0.1063
267,A pony ice skating at night in a cherry blossom park,0.83874,0.435215671288,0.8875149749448751,3.5,0.625,0.2998,0.6321,0.3388,0.0599,0.0539,0.1509,0.0929
268,"A alpaca gardening on a balcony in a greenhouse, in a vintage storyboo",0.833197,0.460124711648,0.870347938339875,3.75,0.6875,0.2684,0.5972,0.3637,0.0306,0.0856,0.16,0.0931
269,A scorpion chef under a starry sky,0.822642,0.4947400546195,0.8734842088320001,3.5,0.625,0.3015,0.6465,0.3733,0.0235,0.0803,0.159,0.091
270,A tiny peacock holding a glowing lantern on a rooftop at night,0.844766,0.4826410238,0.886586635742,3.75,0.6875,0.4456,0.8254,0.44,0.1117,0.1121,0.2213,0.139
271,A badger folding origami cranes on a quiet beach at dusk,0.83936,0.4312924580955,0.8964194183755,3.75,0.6875,0.3102,0.6462,0.4646,0.0513,0.1231,0.213,0.1185
272,A tiny fox holding a steaming teacup on a floating island,0.84128,0.443548647712,0.879820330844875,4.25,0.8125,0.3038,0.6448,0.4079,0.0407,0.152,0.2002,0.1166
273,A hamster alchemist in a candlelit cafe,0.847044,0.4868409198398749,0.8938284057420001,4.5,0.875,0.4801,0.8625,0.3885,0.1806,0.0681,0.2124,0.1439
274,"A narwhal stargazing on a rooftop in a desert at noon, with bold vivid",0.839472,0.4910112310795,0.8572790699874999,3.5,0.625,0.3444,0.6909,0.4335,0.1366,0.1502,0.2401,0.1564
275,"A dog balancing on a tightrope, in soft pastel colors",0.853367,0.4634297735395,0.8787693187594999,4.25,0.8125,0.4019,0.7745,0.3828,-0.0306,0.156,0.1694,0.0872
276,"A scorpion ice skating at night under a starry sky, in a vintage story",0.819472,0.4698152584718749,0.8811816715499999,3.5,0.625,0.2357,0.547,0.4068,0.0626,0.09,0.1865,0.11
277,"A peacock blowing glass ornaments, in warm golden light",0.840034,0.402647899533875,0.8831712862755,3.5,0.625,0.2574,0.5754,0.4134,0.0054,-0.012,0.1356,0.0638
278,A cheerful octopus mountaineer with a paper lantern,0.845177,0.490053979344875,0.855309448942,4.5,0.875,0.354,0.706,0.4537,0.0442,0.0758,0.1912,0.1054
279,A cheerful lobster diver with a paper airplane,0.841245,0.4617132848488749,0.870030256721875,3.5,0.625,0.3167,0.6648,0.4134,0.0648,0.2416,0.24,0.1471
280,"A koala folding origami cranes, in a dreamy haze",0.845952,0.4580372704798749,0.8874537866688751,3.5,0.625,0.3848,0.7481,0.3342,0.0414,0.0898,0.1551,0.0954
281,A tiny hippo holding a jar of fireflies in an autumn park,0.841077,0.476555419193875,0.8802736622795,4.75,0.9375,0.3781,0.7527,0.4177,0.0657,0.013,0.1655,0.0934
282,A tiny crow holding a slice of cake in a cherry blossom park,0.846573,0.4657279363354999,0.900006268832,4.75,0.9375,0.4141,0.7818,0.4622,0.0619,0.0494,0.1912,0.1054
283,A cheerful beaver florist with a slice of cake,0.846431,0.4416896335395,0.890475287604875,4.0,0.75,0.3489,0.7018,0.3631,0.1067,0.0896,0.1864,0.1211
284,A firefly and a hamster picking apples in autumn,0.832258,0.452341540672,0.8761084448755,3.5,0.625,0.2639,0.5895,0.3884,0.0637,0.0461,0.166,0.0977
285,A tiny frog holding a slice of cake in a snowy village,0.843923,0.443202441742,0.8824061089580001,4.0,0.75,0.3235,0.6708,0.4265,0.117,0.0517,0.1984,0.1218
286,A dragonfly referee on a train platform,0.841237,0.453258186718875,0.876705146168,3.5,0.625,0.3183,0.6664,0.4323,0.1453,0.0768,0.2182,0.1384
287,A ant astronomer beside a waterfall,0.821421,0.497481706808,0.8816900243194999,4.0,0.75,0.3018,0.6464,0.3243,0.1307,0.1633,0.2061,0.1415
288,A tiny peacock holding a pocket watch on a foggy harbor,0.851241,0.474718058942,0.884361504448,4.0,0.75,0.4412,0.8221,0.479,0.0571,0.0815,0.2059,0.1136
289,A flamingo and a goose napping in a hammock,0.846805,0.447487265746875,0.890596209619875,3.5,0.625,0.3722,0.7292,0.4074,0.0543,0.0278,0.1632,0.0923
290,A tiny walrus holding an old brass compass on a cliff overlooking the ,0.847265,0.4635944174395,0.8805658613874999,4.5,0.875,0.3801,0.7496,0.4522,0.1263,0.1827,0.2537,0.1625
291,A chinchilla ranger in an autumn park,0.827873,0.469734394963875,0.8581758097448751,3.75,0.6875,0.225,0.5158,0.3781,0.08,0.081,0.1797,0.1111
292,A moth potter at a countryside fair,0.81733,0.4562529127999999,0.852889093678,4.0,0.75,0.115,0.277,0.3584,0.0075,0.0013,0.1224,0.0631
293,"A sloth fishing off a wooden pier, in a dreamy haze",0.84183,0.4271771565594999,0.8900376422794999,4.5,0.875,0.2953,0.6286,0.4174,0.0841,0.0505,0.184,0.1088
294,"A goat knitting a scarf in an enchanted forest, in gentle morning ligh",0.845957,0.452811576078,0.8923349539995,3.25,0.5625,0.3835,0.7431,0.4366,0.0209,0.1426,0.2,0.1101
295,A salamander and a chameleon sipping tea in a garden,0.841979,0.436464439623875,0.8917042096538749,3.75,0.6875,0.3269,0.6689,0.3857,0.0434,0.0026,0.1439,0.0796
296,"A octopus harvesting wildflowers, in warm golden light",0.837795,0.4532665356795,0.876707693088,4.0,0.75,0.294,0.6361,0.433,0.0085,0.1038,0.1818,0.0952
297,A lemur and a wombat repairing a pocket watch,0.843697,0.4331362437555,0.876740437349875,3.25,0.5625,0.2965,0.6292,0.4223,0.0911,0.1177,0.2103,0.1285
298,"A flamingo ice skating at night, with bold vivid colors",0.835672,0.4635273058795,0.8588778774718749,4.25,0.8125,0.2508,0.5615,0.38,0.018,0.0315,0.1432,0.0772
299,A sloth and a tiger reading a giant book,0.844048,0.4526792084955,0.881929839863875,3.75,0.6875,0.3475,0.7029,0.4051,0.0433,0.0816,0.1766,0.1015
300,A tiny newt holding an old brass compass in an autumn park,0.838628,0.436329629173875,0.884962884989875,3.75,0.6875,0.2957,0.6271,0.412,0.0116,0.119,0.1808,0.0976
301,A jellyfish and a moth solving a crossword,0.829287,0.433871462746875,0.8741031661195,3.25,0.5625,0.2171,0.5047,0.3101,0.1182,0.1336,0.1873,0.1252
302,A beaver and a peacock harvesting wildflowers,0.845277,0.4389043274875,0.890829750453875,3.5,0.625,0.3469,0.6962,0.3821,-0.0158,0.0402,0.1355,0.0664
303,A scorpion coach in a coral reef,0.827279,0.432736713699875,0.8640957625579999,3.25,0.5625,0.1813,0.4352,0.3291,0.1028,0.1755,0.2025,0.1319
304,A spider and a flamingo feeding pigeons in a plaza,0.833315,0.440724537421875,0.8694175652555001,3.0,0.5,0.2352,0.5365,0.3874,0.0046,0.0091,0.1337,0.0669
305,A wombat picking apples in autumn in a sunflower field,0.838511,0.440103687634875,0.8610862188155,3.25,0.5625,0.235,0.5326,0.375,0.0063,-0.0102,0.1237,0.0619
306,"A lemur playing a tiny violin on a rainy street, watercolor style",0.852346,0.49569678355,0.869967030284875,4.0,0.75,0.4703,0.8554,0.4351,0.031,0.0446,0.1702,0.0913
307,A tiny pufferfish holding an old brass compass at a mountain lake at s,0.847462,0.4565104647755,0.866337447621875,3.75,0.6875,0.3264,0.6723,0.4584,0.076,0.1142,0.2162,0.1267
308,A newt blacksmith solving a crossword,0.831476,0.479053902194875,0.865928010232,3.0,0.5,0.2898,0.6272,0.2842,0.1035,0.1617,0.1831,0.125
309,A cheerful bat mountaineer with a paper airplane,0.835052,0.4935613808875,0.8521338398795,4.5,0.875,0.2926,0.6204,0.457,0.0669,0.0775,0.2005,0.1142
310,"A butterfly exploring a cave at a countryside fair, in a whimsical car",0.833197,0.4885580720155,0.8865540341788751,4.0,0.75,0.3831,0.754,0.395,0.0146,-0.0048,0.1349,0.068
311,"A badger tending a beehive in a lavender meadow, with bold vivid color",0.846636,0.437564307998875,0.8825258659088749,4.5,0.875,0.3259,0.6728,0.3638,0.066,0.0598,0.1632,0.0999
312,A tiny panda holding a bowl of ramen in a bustling market,0.851952,0.4804609896538749,0.878271083512,4.5,0.875,0.4442,0.8277,0.4087,0.1472,0.1185,0.2248,0.1498
313,A cheerful elephant florist with a bowl of ramen,0.838257,0.445541616424875,0.8719734024218749,3.75,0.6875,0.2753,0.6018,0.3542,0.0779,0.0097,0.1473,0.0899
314,A bat mixing a bubbling potion on a cliff overlooking the sea,0.840303,0.4743995684148749,0.8781770774875001,3.5,0.625,0.3662,0.736,0.425,0.0157,0.0058,0.1488,0.0735
315,A raccoon and a tiger sipping tea in a garden,0.844607,0.4770642603955,0.882419918619875,3.5,0.625,0.4138,0.7909,0.4336,0.0026,0.0792,0.1718,0.0881
316,A meerkat judge blowing glass ornaments,0.830188,0.4414958929954999,0.815527844173875,3.25,0.5625,0.0636,0.1301,0.3834,0.1083,0.113,0.2015,0.1273
317,A toucan feeding pigeons in a plaza in a lantern-lit alley,0.850683,0.453146998998875,0.859039304909875,3.25,0.5625,0.3057,0.6409,0.3669,0.0854,0.067,0.1731,0.1093
318,A hedgehog ranger on a floating island,0.835742,0.453212101509875,0.8717579519648749,4.0,0.75,0.2692,0.5989,0.4025,0.1352,0.0583,0.1987,0.1264
319,A platypus ranger conducting an orchestra,0.83768,0.457479894528875,0.88183566395,4.0,0.75,0.3153,0.6662,0.3437,0.0652,0.0643,0.1577,0.0984
320,A penguin teacher reading under an umbrella,0.830922,0.4400834301638749,0.8633406783538751,3.25,0.5625,0.2058,0.4823,0.4078,0.0981,0.1057,0.2039,0.1257
321,A butterfly clockmaker chasing fireflies,0.819965,0.4286930511595,0.8790120496875,3.0,0.5,0.1758,0.4248,0.3638,0.0665,0.0442,0.1582,0.0942
322,A narwhal and a bumblebee reading a giant book,0.840282,0.4826055790955,0.8528125270795,4.25,0.8125,0.2941,0.6234,0.4109,0.1113,0.0968,0.2063,0.1309
323,A tiny narwhal holding a tiny umbrella in a coral reef,0.853716,0.4412372286379999,0.865715747013875,3.5,0.625,0.3209,0.6637,0.3231,0.0739,0.1375,0.1782,0.1157
324,A tiny goat holding an old brass compass on a train platform,0.848518,0.4698251220795,0.889916738678875,4.25,0.8125,0.4274,0.8023,0.4649,0.1045,0.1744,0.2479,0.1544
325,A platypus librarian in a candlelit cafe,0.837898,0.4727152727298749,0.8686198711718749,3.75,0.6875,0.3194,0.6707,0.3327,0.1259,0.1817,0.2134,0.1453
326,A butterfly knight brewing coffee at dawn,0.825754,0.5069786036780001,0.8594940122038751,3.0,0.5,0.3233,0.6614,0.4355,0.1004,0.1185,0.2181,0.1354
327,"A jellyfish planting tulips, in a whimsical cartoon style",0.845809,0.461268987614875,0.878046621163875,3.5,0.625,0.3649,0.7286,0.3921,0.0768,0.1245,0.1978,0.1234
328,"A salamander baking sourdough at a countryside fair, in soft pastel co",0.850466,0.4840858565595,0.846780646269875,3.25,0.5625,0.3219,0.6644,0.3337,0.0041,0.0284,0.122,0.0677
329,A cheerful camel beekeeper with a bowl of ramen,0.83404,0.476376916943875,0.8743855814298749,2.75,0.4375,0.3232,0.6789,0.4119,0.0911,0.0373,0.1801,0.1078
330,A camel racing a paper airplane under a starry sky,0.839158,0.4146952493419999,0.8828259811718749,3.0,0.5,0.2639,0.581,0.3953,0.0207,0.1203,0.1788,0.0989
331,A gecko sailor in an autumn park,0.817046,0.53766398,0.8573487870794999,4.25,0.8125,0.275,0.5975,0.3856,0.0409,0.1008,0.1758,0.1051
332,A raccoon cobbler in a cherry blossom park,0.835388,0.439469004472,0.8807401323338749,3.5,0.625,0.2731,0.5964,0.3601,0.1024,0.0845,0.1823,0.1169
333,A cheerful koala barber with a glowing lantern,0.847301,0.4742254957954999,0.87531750555,3.5,0.625,0.399,0.773,0.3961,0.0411,0.0654,0.1676,0.0967
334,A ant and a narwhal repairing a pocket watch,0.824019,0.4557119776555,0.8663139039968749,3.5,0.625,0.2015,0.4799,0.4156,0.1771,0.1815,0.2581,0.1713
335,"A crab napping in a hammock, in a cozy hand-drawn style",0.84393,0.4672346383595,0.883498351249875,4.75,0.9375,0.3793,0.7494,0.3828,0.0374,0.1806,0.2003,0.1205
336,A wolf and a bumblebee carving a wooden spoon,0.83538,0.455722727708875,0.8716370465155001,3.5,0.625,0.276,0.6075,0.434,0.0849,0.0763,0.1984,0.1175
337,A tiny kangaroo holding a basket of apples in a lavender meadow,0.851248,0.5002889535499999,0.8768197312,4.5,0.875,0.5058,0.8982,0.3982,0.0703,0.065,0.1778,0.1086
338,"A badger picking apples in autumn at a mountain lake at sunrise, in ge",0.846059,0.5054297663038749,0.8877835555119999,3.25,0.5625,0.5449,0.9383,0.4181,0.0371,0.0633,0.1729,0.0975
339,A rhino jeweler chasing fireflies,0.82151,0.446416008239875,0.863450964792,3.5,0.625,0.1701,0.4131,0.3659,0.0677,0.1084,0.1806,0.1106
340,"A piglet blowing glass ornaments in a misty valley, with bold vivid co",0.845233,0.461782300399875,0.8841123079875001,3.5,0.625,0.3808,0.7463,0.4035,0.0157,0.1029,0.174,0.0962
341,A alpaca forging a silver key on a floating island,0.833293,0.467369629209875,0.8686777195500001,3.5,0.625,0.2794,0.6144,0.4232,0.088,0.1755,0.2289,0.1423
342,A tiny bat holding a tiny umbrella on a train platform,0.845305,0.4520798019875,0.8807953234875,4.25,0.8125,0.3442,0.7012,0.3949,0.101,0.0687,0.1882,0.118
343,A cheerful penguin gardener with a glowing lantern,0.843064,0.434153675598,0.8784974552,4.5,0.875,0.2924,0.6262,0.3918,0.1194,0.0843,0.1985,0.1268
344,A rhino flying a kite in a storm at a countryside fair,0.84631,0.477362062363875,0.885972925358875,3.0,0.5,0.4357,0.8137,0.48,0.0064,0.0591,0.1818,0.0871
345,A platypus and a ladybug planting tulips,0.843826,0.4526757391995,0.875662840346875,3.25,0.5625,0.3285,0.679,0.3126,0.0517,0.0778,0.1474,0.0931
346,A meerkat and a zebra meditating under a waterfall,0.840798,0.479474817424875,0.871115662462,3.5,0.625,0.363,0.7298,0.4113,0.0828,0.0465,0.1802,0.108
347,"A hedgehog fishing off a wooden pier in a lavender meadow, in warm gol",0.85065,0.472145389678,0.873538733982,4.0,0.75,0.3981,0.7719,0.4629,0.0654,-0.0031,0.1751,0.0923
348,A beaver and a firefly racing a paper airplane,0.844276,0.404428513621875,0.8553680750355,3.25,0.5625,0.1941,0.4733,0.3426,0.0596,0.1795,0.1939,0.119
349,A axolotl mountaineer harvesting wildflowers,0.816883,0.4502109093395,0.8373219973998749,3.5,0.625,0.0883,0.1989,0.3737,0.0577,0.0489,0.1601,0.0935
350,A beaver alchemist reading tarot cards,0.833662,0.462487756523875,0.8758494259875,4.25,0.8125,0.2849,0.6282,0.3861,0.0269,0.102,0.1716,0.0981
351,A lemur and a crab conducting an orchestra,0.841529,0.454099723996875,0.884200343994875,3.5,0.625,0.3426,0.6963,0.362,0.0973,0.191,0.2168,0.1415
352,A hippo judge reading tarot cards,0.81856,0.478937791759875,0.856907754782,3.75,0.6875,0.1922,0.4546,0.3772,0.1257,0.1011,0.2013,0.1307
353,A ant mountaineer in a bamboo grove,0.829873,0.4410993961579999,0.8652047960938751,3.25,0.5625,0.2071,0.4859,0.3661,0.0747,0.0388,0.1599,0.0968
354,A tiny fox holding a stack of books in a snowy village,0.846976,0.470582275953875,0.892089442179875,4.0,0.75,0.4258,0.799,0.4146,0.058,0.1063,0.1929,0.1151
355,A tiny piglet holding a bowl of ramen in a cozy library,0.848497,0.482212022382,0.883570171358875,4.25,0.8125,0.4493,0.8335,0.4438,0.1358,0.1394,0.2397,0.1554
356,"A narwhal conducting an orchestra, with bold vivid colors",0.839206,0.4904622257198749,0.846213260213875,3.5,0.625,0.2856,0.6097,0.4268,0.0499,0.059,0.1785,0.1008
357,A narwhal exploring a cave in a lantern-lit alley,0.852487,0.482113031538875,0.8977995784155001,3.75,0.6875,0.5109,0.8962,0.4163,0.1213,0.1452,0.2276,0.1494
358,A sloth astronomer in a desert at noon,0.824988,0.478746211834875,0.8613636624238751,3.5,0.625,0.2383,0.5414,0.3872,0.0359,0.0385,0.1539,0.086
359,A wolf carpenter blowing glass ornaments,0.823317,0.491400797084875,0.853302317342,3.25,0.5625,0.2333,0.5258,0.4709,0.0588,0.0413,0.1903,0.1016
360,A cat and a bat climbing a snowy peak,0.838041,0.4513975817579999,0.887817693253875,4.0,0.75,0.32,0.6658,0.4015,0.0114,0.0429,0.1519,0.0793
361,A dragonfly and a bumblebee sailing a paper boat,0.841233,0.465076039528875,0.882918262471875,4.25,0.8125,0.3564,0.7213,0.4197,0.0386,0.1065,0.1882,0.1074
362,A axolotl cartographer in a moonlit garden,0.820213,0.463166054318875,0.8339446492968751,3.75,0.6875,0.1006,0.2432,0.3354,0.1211,0.0463,0.1676,0.1091
363,A llama professor in an autumn park,0.821809,0.4434935129755,0.867702550554875,3.25,0.5625,0.1776,0.4304,0.3485,0.05,0.0865,0.1617,0.0972
364,"A shark sketching in a cafe in an autumn park, with bold vivid colors",0.8406,0.508700444249875,0.881367141346875,3.75,0.6875,0.5085,0.8984,0.5344,0.0358,0.053,0.2077,0.1
365,A tiny toucan holding a basket of apples at a mountain lake at sunrise,0.846381,0.507744218064875,0.855024351838,3.75,0.6875,0.4343,0.8034,0.4776,0.0496,0.0631,0.1968,0.1061
366,A rhino and a lemur fishing off a wooden pier,0.838932,0.473590900093875,0.8783358279679999,3.25,0.5625,0.3558,0.7233,0.4504,0.0661,0.0901,0.2022,0.1165
367,A cheerful salamander mountaineer with a knitted scarf,0.840243,0.476225290546875,0.8895263671875,4.0,0.75,0.3986,0.7694,0.3725,0.0761,0.0484,0.1657,0.1023
368,A flamingo shepherd in a lavender meadow,0.836617,0.458922280621875,0.8892938771394999,3.5,0.625,0.3375,0.6873,0.3822,0.0871,0.0132,0.1608,0.097
369,A owl clockmaker in a sunflower field,0.829658,0.434329247933875,0.8541079365968749,4.0,0.75,0.157,0.3863,0.4436,0.0686,0.1088,0.207,0.1189
370,A walrus meteorologist dancing in the rain,0.846249,0.455524701894875,0.877441859096875,3.25,0.5625,0.3526,0.7109,0.4419,0.06,0.0619,0.1879,0.1061
371,A tiny donkey holding an old brass compass in a cozy library,0.843252,0.4795926432595,0.8684261410355,4.0,0.75,0.3644,0.7306,0.4675,0.1014,0.1326,0.2338,0.1426
372,A cheerful rhino lighthouse keeper with a tiny umbrella,0.838594,0.442717463582,0.873703129248875,3.75,0.6875,0.2773,0.6041,0.3956,0.0976,0.0866,0.1932,0.1204
373,"A newt building a birdhouse under a starry sky, in gentle morning ligh",0.840394,0.4154080025955,0.869819859358875,2.75,0.4375,0.2364,0.5408,0.4132,0.0828,0.0304,0.1755,0.1023
374,A koala and a tiger exploring a cave,0.841818,0.4402290259355,0.8570280245680001,4.5,0.875,0.2288,0.5252,0.3883,0.0226,0.0614,0.1574,0.0866
375,A rhino barista in an autumn park,0.82673,0.464376691809875,0.859474409868875,3.25,0.5625,0.2124,0.4948,0.4281,0.0566,0.015,0.1666,0.0904
376,A alpaca conducting an orchestra on a rooftop at night,0.836107,0.461764003363875,0.8484394828488749,3.75,0.6875,0.2135,0.4942,0.4647,0.0686,0.0999,0.2111,0.12
377,A donkey cartographer on a foggy harbor,0.833836,0.4620987001919999,0.8749243084875,2.75,0.4375,0.2895,0.6291,0.4678,0.1307,0.1145,0.2376,0.1467
378,A cheerful mole gardener with a cup of hot cocoa,0.828326,0.432773127902,0.8441614687500001,4.75,0.9375,0.1132,0.2804,0.4058,0.0794,0.1147,0.2,0.1202
379,A snail forging a silver key on a wooden bridge,0.828843,0.451619019974875,0.865222220369875,2.75,0.4375,0.2178,0.5065,0.3751,0.0517,0.034,0.1536,0.0889
380,"A salamander sailing a paper boat in a misty valley, in warm golden li",0.848112,0.4661937495995,0.8803551293498749,4.75,0.9375,0.3905,0.7628,0.3634,0.0448,0.1483,0.1855,0.1141
381,A flamingo and a pony watering a rooftop garden,0.85389,0.45262258,0.8972472211120001,3.5,0.625,0.43,0.8017,0.4207,0.0055,0.032,0.1528,0.0762
382,"A koala racing a paper airplane, in soft pastel colors",0.847605,0.4551216119888749,0.873114202998875,2.5,0.375,0.3475,0.7011,0.3223,0.0353,0.0408,0.1328,0.0801
383,A lamb alchemist flying a hot air balloon,0.822751,0.4431182782719999,0.8556378232538749,3.0,0.5,0.151,0.3682,0.3698,0.07,0.068,0.1693,0.1022
384,"A turtle flying a kite in a storm, in a whimsical cartoon style",0.831907,0.4403127337595,0.843909449422,3.75,0.6875,0.1453,0.3612,0.4168,-0.0027,0.1137,0.1759,0.0905
385,A tiny crow holding a stack of books in a lavender meadow,0.852695,0.4556091936395,0.902931680078,3.5,0.625,0.4379,0.812,0.4131,0.023,0.0476,0.1613,0.0866
386,"A koala balancing on a tightrope, in a vintage storybook style",0.840842,0.480300599032,0.873039233103875,3.75,0.6875,0.3715,0.7419,0.3588,0.0101,0.047,0.1386,0.0768
387,A cheerful dragonfly meteorologist with a ball of yarn,0.833385,0.463808432339875,0.850149697408,3.5,0.625,0.2121,0.4907,0.3611,0.1434,0.1228,0.2091,0.14
388,A cheerful dragonfly skier with a pocket watch,0.836678,0.4643343941955,0.8732613166795,3.5,0.625,0.3049,0.6531,0.3751,0.0957,0.1259,0.1989,0.1277
389,A hummingbird and a alpaca juggling glowing orbs,0.843569,0.4790353805195,0.8810635451218749,3.0,0.5,0.4093,0.7869,0.3784,0.0309,0.046,0.1518,0.0863
390,A cheerful penguin cobbler with a bunch of balloons,0.836902,0.4363588916779999,0.8719292836995,3.75,0.6875,0.2542,0.5665,0.3318,0.0537,0.1518,0.1791,0.1114
391,A tiny crab holding a ball of yarn on a rainy street,0.84118,0.492258715678,0.85040138995,4.25,0.8125,0.3119,0.6487,0.4593,0.1352,0.0925,0.229,0.1433
392,A chameleon and a koala climbing a snowy peak,0.849598,0.465411716288,0.8755893098875,4.0,0.75,0.3814,0.7512,0.3982,0.0273,0.0261,0.1506,0.0815
393,A cheerful camel astronaut with a steaming teacup,0.83418,0.4695233720619999,0.877421831518,4.25,0.8125,0.3077,0.6627,0.4365,0.1325,0.194,0.2543,0.1647
394,A lobster and a koala feeding pigeons in a plaza,0.849884,0.466449617262,0.865382161104875,3.5,0.625,0.359,0.7154,0.3894,0.0239,0.0841,0.1658,0.0939
395,A spider sketching in a cafe in a desert at noon,0.843726,0.464546705438,0.8805975162155,3.5,0.625,0.3685,0.7343,0.4669,0.1463,0.1554,0.2562,0.164
396,"A wombat photographing the moon in a coral reef, watercolor style",0.83461,0.4917488059038749,0.876165162128875,3.75,0.6875,0.3791,0.7526,0.3444,0.0303,0.0532,0.1426,0.0843
397,A cheerful firefly skier with a bouquet of wildflowers,0.839966,0.411025129714875,0.88621320355,3.25,0.5625,0.27,0.5918,0.3094,0.1025,0.0819,0.1646,0.1086
398,A ant and a dolphin racing a paper airplane,0.822171,0.472651067694875,0.866724036154875,3.25,0.5625,0.2228,0.5217,0.3702,0.0179,0.0678,0.152,0.0848
399,"A raccoon folding origami cranes, in soft pastel colors",0.849153,0.456337608721875,0.8319155228875,3.75,0.6875,0.1741,0.4411,0.327,0.0398,0.1172,0.1614,0.0995
400,A llama and a chameleon feeding pigeons in a plaza,0.847524,0.4432990312195,0.852453821174875,3.5,0.625,0.2438,0.5494,0.3873,-0.0192,0.005,0.1244,0.0571
401,"A otter stargazing on a rooftop, in a vintage storybook style",0.816204,0.5064475704198751,0.8643888358788749,4.25,0.8125,0.226,0.5198,0.4231,0.015,0.111,0.183,0.1
402,A cheerful salamander drummer with a pocket watch,0.840466,0.415913135218875,0.8768999363875,3.25,0.5625,0.2583,0.5724,0.358,0.0025,0.0851,0.1485,0.0806
403,"A mole writing a letter, in warm golden light",0.83613,0.432923251943875,0.856869157838,4.0,0.75,0.1924,0.4598,0.3669,0.0682,0.0661,0.1671,0.1014
404,"A zebra watering a rooftop garden on a floating island, in a cozy hand",0.84247,0.479178639471875,0.871153113208875,3.5,0.625,0.3724,0.7409,0.4353,0.107,0.0678,0.2034,0.1245
405,A hummingbird skier on a floating island,0.834043,0.4680407893875,0.8701145182995,3.25,0.5625,0.289,0.63,0.3759,0.0291,0.0916,0.1655,0.0956
406,A pony flying a kite in a storm in a coral reef,0.83987,0.486534570558,0.868638412584875,3.75,0.6875,0.3725,0.7392,0.4088,0.0197,0.0541,0.1608,0.0867
407,"A lobster dancing in the rain at a countryside fair, in a cozy hand-dr",0.83473,0.5067787703838751,0.9041967914995,4.25,0.8125,0.4699,0.8471,0.4684,-0.0512,0.0384,0.1519,0.0573
408,"A pony sailing a paper boat, in a cozy hand-drawn style",0.845177,0.4275771181195,0.878082547346875,4.0,0.75,0.2886,0.6203,0.3592,0.0624,0.0913,0.171,0.105
409,"A lamb climbing a snowy peak, with bold vivid colors",0.836829,0.459694554872,0.8896498431395,3.75,0.6875,0.3414,0.6923,0.3673,0.0271,0.0761,0.1568,0.0903
410,"A bumblebee building a birdhouse, in soft pastel colors",0.858214,0.4186140829954999,0.893286241783875,3.5,0.625,0.3718,0.7389,0.3225,0.0625,0.0912,0.1587,0.101
411,A tiny ladybug holding a slice of cake in a lantern-lit alley,0.845677,0.4917166421288749,0.875925995848875,4.75,0.9375,0.4425,0.8278,0.4127,0.1943,0.1049,0.2373,0.1613
412,A platypus and a salamander sailing a paper boat,0.844575,0.425315534558,0.875515577363875,3.75,0.6875,0.2856,0.6132,0.341,0.0081,0.1085,0.1525,0.0864
413,"A iguana writing a letter in a cozy library, in a dreamy haze",0.838469,0.4804622720698749,0.8859985679019999,3.5,0.625,0.3972,0.7697,0.4424,0.0678,0.1278,0.2127,0.1266
414,A tiny duck holding a bouquet of wildflowers on a floating island,0.852798,0.451151579746875,0.877274421619875,3.75,0.6875,0.3763,0.7384,0.3651,0.0919,0.0117,0.1562,0.0974
415,A cheerful goose baker with a tiny umbrella,0.838149,0.419420468974875,0.856626653118875,3.75,0.6875,0.19,0.4564,0.3053,0.0576,0.049,0.1373,0.0859
416,"A koala fishing off a wooden pier, in soft pastel colors",0.849875,0.4695275138479999,0.870476600459875,3.25,0.5625,0.3847,0.7515,0.3808,0.0502,0.0775,0.1695,0.1015
417,A piglet coach in a moonlit garden,0.82498,0.44141456195,0.850681227246875,3.75,0.6875,0.1431,0.3508,0.424,0.0346,0.013,0.1572,0.0813
418,"A bumblebee solving a crossword, in a whimsical cartoon style",0.839684,0.4362533446795,0.8911226504288751,4.0,0.75,0.3043,0.6404,0.4318,0.1415,0.1149,0.2294,0.1463
419,"A duck picking apples in autumn, in a cozy hand-drawn style",0.832825,0.4535134957355,0.8791483915795,3.0,0.5,0.2769,0.6092,0.388,0.0273,-0.0074,0.136,0.0712
420,"A elephant painting a mural, with bold vivid colors",0.832283,0.456757922288875,0.877951164078,3.25,0.5625,0.2763,0.6103,0.3649,0.0093,0.0841,0.1527,0.0848
421,A turtle and a elephant napping in a hammock,0.831771,0.464109346222,0.8619627089195,4.5,0.875,0.2409,0.5487,0.3726,0.1097,0.0195,0.1673,0.1045
422,A tiny camel holding a wooden music box in a coral reef,0.849743,0.4288708996754999,0.9040660129548748,4.25,0.8125,0.3293,0.6834,0.4027,0.0404,0.083,0.1754,0.1002
423,A chinchilla firefighter harvesting wildflowers,0.834491,0.473484006473875,0.8638034483438749,3.5,0.625,0.2876,0.6208,0.3282,0.0897,0.0091,0.1423,0.0906
424,A bat diver conducting an orchestra,0.823644,0.343827680221875,0.8715114154875,3.5,0.625,0.2226,0.5586,0.314,0.0856,-0.047,0.1175,0.0723
425,A cheerful wombat beekeeper with a knitted scarf,0.841719,0.4395020781548749,0.875206885368,3.5,0.625,0.2926,0.6251,0.3316,0.0634,0.0541,0.1497,0.0934
426,"A chameleon carving a wooden spoon on a rooftop at night, in a whimsic",0.84081,0.478028456702,0.8703649346875,3.75,0.6875,0.3566,0.7209,0.4323,0.0714,0.0886,0.1974,0.1168
427,A ant blacksmith dancing in the rain,0.835335,0.5115040734555001,0.84507962,4.0,0.75,0.2979,0.6321,0.3794,-0.0303,0.082,0.1437,0.0718
428,A whale referee in a candlelit cafe,0.83683,0.3963877789755,0.855718277923875,3.0,0.5,0.165,0.4164,0.2189,0.1123,0.1446,0.1586,0.1075
429,A gecko baking sourdough in a sunflower field,0.845543,0.461115347192,0.8526705277755,3.75,0.6875,0.2729,0.5916,0.4094,0.026,-0.0199,0.1385,0.0696
430,A cat sipping tea in a garden in an autumn park,0.832539,0.441384414622,0.883240261189875,3.75,0.6875,0.2658,0.5853,0.3833,0.0477,0.0612,0.1641,0.095
431,"A rhino sailing a paper boat, photorealistic",0.820068,0.4243725100079999,0.857744871808,3.25,0.5625,0.1272,0.3118,0.3645,0.0695,0.1321,0.1887,0.115
432,A cheerful lamb barista with a cup of hot cocoa,0.834864,0.455587401793875,0.8602076114198749,3.5,0.625,0.2406,0.5427,0.3985,0.0824,0.0938,0.1916,0.1173
433,A tiger conductor in a candlelit cafe,0.827588,0.471947532598875,0.828849745472,3.5,0.625,0.1178,0.3019,0.3912,0.0804,0.0965,0.1894,0.1162
434,A bear gardener writing a letter,0.821857,0.478027001678,0.8422697827755,4.25,0.8125,0.1318,0.3262,0.3541,0.0549,0.0692,0.1594,0.0965
435,A fox knight flying a kite in a storm,0.840613,0.499288626838875,0.885862895868875,3.25,0.5625,0.4803,0.8656,0.4237,-0.0622,0.0776,0.1464,0.0602
436,A narwhal and a walrus painting a mural,0.846141,0.45600781395,0.871376928444875,3.5,0.625,0.3349,0.6866,0.3807,0.0747,0.0642,0.1732,0.1063
437,A tiny dolphin holding a tiny umbrella in a moonlit garden,0.853534,0.48442407355,0.8866129353280001,4.0,0.75,0.4872,0.8748,0.4158,0.0474,0.0655,0.1762,0.1016
438,A cheerful camel fencer with a paper lantern,0.837596,0.420415709342,0.884995292121875,3.5,0.625,0.2672,0.5847,0.3622,0.0252,0.0267,0.138,0.0763
439,A frog dancing in the rain in a bustling market,0.84901,0.5049550684288749,0.875758400634875,4.25,0.8125,0.5088,0.9013,0.4623,0.0387,0.1288,0.2099,0.1186
440,"A beetle flying a hot air balloon, in a cozy hand-drawn style",0.837274,0.4462264426355,0.878173170208,4.75,0.9375,0.2826,0.6164,0.3743,0.0362,0.0689,0.1598,0.0922
441,"A lemur watering a rooftop garden in a sunflower field, photorealistic",0.835668,0.493721406912,0.8863482350755,4.5,0.875,0.4176,0.7953,0.4466,0.085,0.0427,0.1914,0.1108
442,A tiny meerkat holding a steaming teacup under a starry sky,0.847667,0.470985860253875,0.836217341239875,4.25,0.8125,0.1845,0.4561,0.4033,0.0828,0.0745,0.1869,0.1144
443,"A scorpion blowing glass ornaments in a neon nightclub, in soft pastel",0.856091,0.4462696451795,0.8899652392195,3.0,0.5,0.4134,0.7825,0.4034,0.0842,0.1089,0.1988,0.1238
444,A cheerful bumblebee dj with a paper lantern,0.831164,0.457559593408875,0.8741370527238751,3.5,0.625,0.2615,0.5881,0.3907,0.0946,0.1483,0.2112,0.1338
445,A narwhal pilot forging a silver key,0.84019,0.469913814392,0.853792174678875,3.5,0.625,0.2737,0.5914,0.2756,0.1804,0.2242,0.2267,0.1605
446,A spider alchemist under a starry sky,0.827789,0.460707105039875,0.8583100040755001,4.25,0.8125,0.2009,0.4755,0.3865,0.0609,0.1386,0.1953,0.1186
447,"A duck rowing across a misty lake on a train platform, in soft pastel ",0.854905,0.4699746664874999,0.887034554798,3.25,0.5625,0.4633,0.8436,0.3976,0.0173,0.0961,0.1703,0.0955
448,A penguin and a salamander mixing a bubbling potion,0.842934,0.4996129956795,0.8510397765488751,4.0,0.75,0.3471,0.6966,0.4351,0.0801,0.1082,0.2078,0.1262
449,A bear referee beside a waterfall,0.825485,0.4823247969875,0.8547260625298749,3.25,0.5625,0.2283,0.5184,0.4113,0.0985,0.0325,0.1808,0.1083
450,A bear potter in a snowy village,0.827359,0.4690465338795,0.888924276413875,3.5,0.625,0.301,0.6399,0.3848,0.0834,0.0277,0.1653,0.0995
451,A hare ranger in a neon nightclub,0.835575,0.4927618152755,0.8616028088738751,3.5,0.625,0.344,0.6941,0.4298,0.1034,0.1534,0.2289,0.145
452,A turtle and a hummingbird flying a kite in a storm,0.84609,0.437808371008,0.884413475049875,3.5,0.625,0.3355,0.6826,0.3632,0.0089,0.0543,0.1422,0.0776
453,A walrus and a otter meditating under a waterfall,0.846544,0.4877560477595,0.8957617244080001,4.0,0.75,0.4824,0.8643,0.4449,0.03,0.0873,0.1874,0.1026
454,A goat and a wombat picking apples in autumn,0.853844,0.4702386773955,0.887201724472,3.5,0.625,0.4589,0.8384,0.3889,0.0191,0.0087,0.1389,0.0735
455,A cheerful hummingbird lighthouse keeper with a tiny umbrella,0.840964,0.4518619598,0.876894753596875,3.75,0.6875,0.3147,0.6609,0.4033,0.0748,0.1128,0.197,0.1202
456,A kangaroo painting a mural in a sunflower field,0.850361,0.492952371072,0.869313715764875,4.25,0.8125,0.4497,0.8315,0.4404,0.0451,0.0446,0.1767,0.0969
457,A otter ranger knitting a scarf,0.831173,0.456095612054875,0.887043980971875,3.75,0.6875,0.2922,0.6268,0.3776,0.0384,0.1428,0.1863,0.1106
458,A alpaca sailor in a desert at noon,0.821782,0.421521138004875,0.894278670973875,4.0,0.75,0.1738,0.4236,0.3081,0.0679,0.1031,0.1597,0.1011
459,"A mantis harvesting wildflowers in a snowy village, watercolor style",0.848713,0.470997652939875,0.8933190652479999,3.75,0.6875,0.4486,0.8229,0.4046,0.0083,-0.0395,0.1245,0.0573
460,A lobster alchemist watering a rooftop garden,0.827895,0.425193108878,0.862933096779875,3.5,0.625,0.1727,0.4178,0.3573,0.1344,0.0982,0.1966,0.1284
461,A pony professor at a mountain lake at sunrise,0.82716,0.4462118163955,0.8817948694875,2.75,0.4375,0.2405,0.5458,0.3365,0.0973,0.0187,0.1509,0.0955
462,A rhino and a lion exploring a cave,0.841442,0.438961218778875,0.8736966114448749,3.75,0.6875,0.2861,0.6154,0.4496,0.1516,0.1249,0.242,0.1541
463,A cheerful bear wizard with a stack of books,0.840982,0.4525272399279999,0.8721728398000002,4.25,0.8125,0.2978,0.6393,0.3051,0.0649,0.0826,0.1509,0.0974
464,A cheerful pufferfish potter with a basket of apples,0.840664,0.443545875832,0.879659279902,3.5,0.625,0.3057,0.6448,0.3309,0.0162,0.0835,0.1436,0.0834
465,A tiny llama holding a cup of hot cocoa in a neon nightclub,0.853996,0.466844167004875,0.8508194229718751,3.75,0.6875,0.3122,0.6514,0.48,0.1365,0.188,0.2682,0.1705
466,"A ant balancing on a tightrope in a coral reef, in warm golden light",0.842558,0.4619205071755,0.8841838601838748,3.75,0.6875,0.3659,0.7285,0.3965,0.0573,0.1071,0.187,0.1124
467,A beaver and a llama surfing a big wave,0.832626,0.480331135454875,0.856018859221875,3.75,0.6875,0.2684,0.5837,0.43,0.0154,0.0704,0.1719,0.0902
468,A tiny chinchilla holding a bunch of balloons in a lavender meadow,0.852123,0.462159744538875,0.891194169971875,4.25,0.8125,0.4239,0.7969,0.385,0.002,0.0597,0.1489,0.0792
469,"A dog picking apples in autumn in an autumn park, in a dreamy haze",0.841607,0.4895841852648749,0.8753866439820001,3.5,0.625,0.415,0.7947,0.3776,0.0285,0.0139,0.14,0.0771
470,A cheerful otter archaeologist with a bowl of ramen,0.842976,0.493025049739875,0.853985970898875,4.0,0.75,0.3448,0.6932,0.3883,0.1549,0.1645,0.2359,0.1608
471,"A crab gardening on a balcony on a foggy harbor, watercolor style",0.840616,0.4849585878219999,0.851167147084875,3.5,0.625,0.3031,0.6334,0.4694,0.0626,0.0887,0.2069,0.1165
472,A lion writing a letter in a desert at noon,0.843483,0.4735781185594999,0.8826303052098751,3.75,0.6875,0.3973,0.7709,0.445,0.0466,0.062,0.1845,0.1017
473,"A fox juggling glowing orbs, in a cozy hand-drawn style",0.841795,0.477578863871875,0.8824790103238751,3.75,0.6875,0.3983,0.7733,0.4069,0.0521,0.0386,0.1659,0.0946
474,A cheerful panda blacksmith with a glowing lantern,0.850605,0.499891120672,0.886018530219875,3.75,0.6875,0.5418,0.936,0.3641,0.1098,0.1191,0.1976,0.1328
475,A mole potter solving a crossword,0.81303,0.461779827448,0.854978577998,3.5,0.625,0.1368,0.3329,0.3461,0.1787,0.1595,0.2281,0.1548
476,A ant tailor on a train platform,0.830845,0.430800243523875,0.8645446516195,4.25,0.8125,0.1899,0.4549,0.3391,0.0924,0.095,0.1755,0.1124
477,A cheerful bat potter with a bunch of balloons,0.83422,0.425917963328,0.8680461813875001,4.25,0.8125,0.2081,0.4896,0.3327,0.0242,-0.0169,0.1133,0.0625
478,A firefly playing a tiny violin in a desert at noon,0.842205,0.415771452138875,0.892833593728,4.0,0.75,0.2738,0.6006,0.2993,0.0498,0.0509,0.1333,0.0833
479,A tiger and a alpaca feeding pigeons in a plaza,0.840167,0.477851299296875,0.885789634168,3.25,0.5625,0.3993,0.7721,0.3938,-0.0059,-0.0033,0.1282,0.0608
480,A tiny snail holding an old brass compass in a cozy library,0.838012,0.437398188738875,0.8783204467555,4.25,0.8125,0.2721,0.5974,0.3931,0.0949,0.1828,0.2236,0.1414
481,"A pufferfish carving a wooden spoon, with bold vivid colors",0.838458,0.455890875094875,0.8899478844955001,3.5,0.625,0.3434,0.6937,0.3687,0.1337,0.0534,0.1853,0.1211
482,A jellyfish watering a rooftop garden in a snowy village,0.848306,0.499911729878875,0.8753110665794999,3.25,0.5625,0.4965,0.8858,0.4138,0.0928,0.0481,0.1849,0.1133
483,A cheerful toucan fencer with a knitted scarf,0.833653,0.449796507518,0.8596546934079999,3.25,0.5625,0.2227,0.5116,0.409,0.0726,0.0428,0.1748,0.1019
484,A cheerful crow violinist with a tiny umbrella,0.831664,0.4586203533874999,0.878546658382,4.25,0.8125,0.2724,0.6078,0.3974,-0.0025,0.0218,0.1389,0.0683
485,A camel balancing on a tightrope on a cliff overlooking the sea,0.851734,0.4516357581999999,0.857319872464875,3.5,0.625,0.2992,0.6321,0.3894,0.0632,0.0242,0.1589,0.0932
486,A cheerful sloth firefighter with a vintage camera,0.829746,0.4413971887155,0.8881070047980001,3.5,0.625,0.2602,0.574,0.3403,0.1658,0.1225,0.2095,0.1426
487,A penguin and a beetle mixing a bubbling potion,0.833258,0.482848256369875,0.870487641524875,3.75,0.6875,0.3239,0.6801,0.4575,0.1484,0.1447,0.2502,0.1608
488,A tiny ferret holding a stack of books in a greenhouse,0.848413,0.47352294595,0.8640681422000001,4.75,0.9375,0.3593,0.7183,0.3979,0.1064,0.043,0.1824,0.1141
489,"A mole racing a paper airplane, photorealistic",0.825775,0.438508046278875,0.876942768948875,3.0,0.5,0.2109,0.4952,0.2864,0.0789,0.1359,0.1671,0.1093
490,A crow playing a tiny violin under a starry sky,0.852054,0.4586281851794999,0.8974487298380001,4.5,0.875,0.4188,0.7896,0.4298,0.0491,0.0554,0.1781,0.1
491,A cheerful fox potter with a paper airplane,0.832006,0.455139207519875,0.8511082131155,4.0,0.75,0.1864,0.4459,0.2999,0.0442,0.0864,0.1435,0.0898
492,A wombat and a beetle playing a tiny violin,0.846498,0.4424831073579999,0.8944002796498749,3.5,0.625,0.3664,0.721,0.339,-0.0329,0.0395,0.1152,0.0558
493,A penguin climbing a snowy peak in a misty valley,0.85035,0.450986493264875,0.884870380528875,4.25,0.8125,0.3765,0.7399,0.3544,0.0598,0.0321,0.1488,0.0905
494,A cheerful salamander carpenter with a cup of hot cocoa,0.831598,0.4510852623874999,0.851717217438,3.5,0.625,0.1877,0.4459,0.3548,0.1278,0.1161,0.1995,0.1317
495,A platypus surfing a big wave in a lantern-lit alley,0.848744,0.4784286620795,0.8564309687195,3.5,0.625,0.3496,0.6987,0.3744,0.062,0.0831,0.1732,0.1067
496,A camel blowing glass ornaments on a train platform,0.828852,0.467470788793875,0.865009647838,2.5,0.375,0.2461,0.5566,0.4448,0.0478,0.0122,0.1683,0.0879
497,A platypus and a beetle gardening on a balcony,0.842386,0.4658111202955001,0.871321669349875,3.75,0.6875,0.3363,0.6927,0.3962,0.0311,0.1124,0.1799,0.1037
498,"A platypus forging a silver key, in gentle morning light",0.852491,0.432075782648875,0.8961410221355001,3.25,0.5625,0.3746,0.7358,0.3127,0.0601,0.1505,0.1744,0.1119
499,A meerkat drummer in an enchanted forest,0.829062,0.4813472265638749,0.874278653284875,4.75,0.9375,0.2957,0.6466,0.4583,-0.004,0.1567,0.2037,0.1052
500,A tiny dog holding a stack of books on a floating island,0.849081,0.4631356898648749,0.865818165189875,3.5,0.625,0.3481,0.7014,0.3708,0.071,0.054,0.1653,0.1018
